logged_at_utc,received_at_utc,mqtt_device_id,topic,boot_count,reset_reason,rssi_dbm,free_heap_bytes,min_free_heap_bytes,largest_free_block_bytes,fragmentation_pct,free_drop_pct,min_drop_pct,largest_drop_pct,alert
2026-09-08T22:38:13.744544+00:00,2026-09-08T22:38:09.624694+00:00,atelier,smartmonitor/atelier/state,36,POWER_ON,-58,71124,56408,53236,25.15,0.0,0.0,0.0,OK
2026-09-08T22:39:13.729335+00:00,2026-09-08T22:39:10.117696+00:00,atelier,smartmonitor/atelier/state,36,POWER_ON,-59,71400,56408,53236,25.44,-0.39,0.0,0.0,OK
2026-09-08T22:40:13.734421+00:00,2026-09-08T22:40:10.631924+00:00,atelier,smartmonitor/atelier/state,36,POWER_ON,-63,71432,56408,53236,25.47,-0.43,0.0,0.0,OK
2026-09-08T22:41:13.729866+00:00,2026-09-08T22:41:11.051024+00:00,atelier,smartmonitor/atelier/state,36,POWER_ON,-60,71124,56408,53236,25.15,0.0,0.0,0.0,OK
2026-09-08T22:42:13.722061+00:00,2026-09-08T22:42:11.567271+00:00,atelier,smartmonitor/atelier/state,36,POWER_ON,-59,71432,56408,53236,25.47,-0.43,0.0,0.0,OK
2026-09-08T22:43:13.729371+00:00,2026-09-08T22:43:12.076477+00:00,atelier,smartmonitor/atelier/state,36,POWER_ON,-60,71432,56408,53236,25.47,-0.43,0.0,0.0,OK
2026-09-08T22:44:13.730833+00:00,2026-09-08T22:44:12.607092+00:00,atelier,smartmonitor/atelier/state,36,POWER_ON,-58,71112,56408,53236,25.14,0.02,0.0,0.0,OK
2026-09-08T22:45:13.733370+00:00,2026-09-08T22:45:13.124003+00:00,atelier,smartmonitor/atelier/state,36,POWER_ON,-59,71432,56408,53236,25.47,-0.43,0.0,0.0,OK
2026-09-08T22:46:13.729003+00:00,2026-09-08T22:46:13.540716+00:00,atelier,smartmonitor/atelier/state,36,POWER_ON,-62,71432,56408,53236,25.47,-0.43,0.0,0.0,OK
2026-09-08T22:47:13.734985+00:00,2026-09-08T22:47:01.980820+00:00,atelier,smartmonitor/atelier/state,36,POWER_ON,-60,71432,56408,53236,25.47,-0.43,0.0,0.0,OK
2026-09-08T22:48:13.744198+00:00,2026-09-08T22:48:02.498217+00:00,atelier,smartmonitor/atelier/state,36,POWER_ON,-59,71432,56408,53236,25.47,-0.43,0.0,0.0,OK
2026-09-08T22:49:13.740369+00:00,2026-09-08T22:49:02.927027+00:00,atelier,smartmonitor/atelier/state,36,POWER_ON,-63,71112,56408,53236,25.14,0.02,0.0,0.0,OK
2026-09-08T22:50:13.739274+00:00,2026-09-08T22:50:03.441872+00:00,atelier,smartmonitor/atelier/state,36,POWER_ON,-59,71432,56408,53236,25.47,-0.43,0.0,0.0,OK
2026-09-08T22:51:13.739871+00:00,2026-09-08T22:51:03.945798+00:00,atelier,smartmonitor/atelier/state,36,POWER_ON,-58,71432,56408,53236,25.47,-0.43,0.0,0.0,OK
2026-09-08T22:52:13.741062+00:00,2026-09-08T22:52:04.468206+00:00,atelier,smartmonitor/atelier/state,36,POWER_ON,-65,71112,56408,53236,25.14,0.02,0.0,0.0,OK
2026-09-08T22:53:13.738207+00:00,2026-09-08T22:53:04.986112+00:00,atelier,smartmonitor/atelier/state,36,POWER_ON,-66,71432,56408,53236,25.47,-0.43,0.0,0.0,OK
2026-09-08T22:54:13.738941+00:00,2026-09-08T22:54:05.403690+00:00,atelier,smartmonitor/atelier/state,36,POWER_ON,-61,71432,56408,53236,25.47,-0.43,0.0,0.0,OK
2026-09-08T22:55:13.745111+00:00,2026-09-08T22:55:05.920371+00:00,atelier,smartmonitor/atelier/state,36,POWER_ON,-60,71124,56408,53236,25.15,0.0,0.0,0.0,OK
2026-09-08T22:56:13.748359+00:00,2026-09-08T22:56:06.420933+00:00,atelier,smartmonitor/atelier/state,36,POWER_ON,-67,71432,56408,53236,25.47,-0.43,0.0,0.0,OK
2026-09-08T22:57:13.739686+00:00,2026-09-08T22:57:06.939624+00:00,atelier,smartmonitor/atelier/state,36,POWER_ON,-64,71432,56408,53236,25.47,-0.43,0.0,0.0,OK
2026-09-08T22:58:13.745486+00:00,2026-09-08T22:58:07.388897+00:00,atelier,smartmonitor/atelier/state,36,POWER_ON,-69,71112,56408,53236,25.14,0.02,0.0,0.0,OK
2026-09-08T22:59:13.743463+00:00,2026-09-08T22:59:07.876208+00:00,atelier,smartmonitor/atelier/state,36,POWER_ON,-64,71432,56408,53236,25.47,-0.43,0.0,0.0,OK
2026-09-08T23:00:13.738341+00:00,2026-09-08T23:00:08.403892+00:00,atelier,smartmonitor/atelier/state,36,POWER_ON,-58,71432,56408,53236,25.47,-0.43,0.0,0.0,OK
2026-09-08T23:01:13.736825+00:00,2026-09-08T23:01:08.923748+00:00,atelier,smartmonitor/atelier/state,36,POWER_ON,-66,71124,56408,53236,25.15,0.0,0.0,0.0,OK
2026-09-08T23:02:13.750539+00:00,2026-09-08T23:02:09.374696+00:00,atelier,smartmonitor/atelier/state,36,POWER_ON,-63,71432,56408,53236,25.47,-0.43,0.0,0.0,OK
2026-09-08T23:03:13.743421+00:00,2026-09-08T23:03:09.972936+00:00,atelier,smartmonitor/atelier/state,36,POWER_ON,-62,71432,56408,53236,25.47,-0.43,0.0,0.0,OK
2026-09-08T23:04:13.750681+00:00,2026-09-08T23:04:10.487446+00:00,atelier,smartmonitor/atelier/state,36,POWER_ON,-57,70216,56408,53236,24.18,1.28,0.0,0.0,OK
2026-09-08T23:05:13.756145+00:00,2026-09-08T23:05:11.003755+00:00,atelier,smartmonitor/atelier/state,36,POWER_ON,-64,70216,56408,53236,24.18,1.28,0.0,0.0,OK
2026-09-08T23:06:13.761041+00:00,2026-09-08T23:06:11.524852+00:00,atelier,smartmonitor/atelier/state,36,POWER_ON,-65,69896,56408,53236,23.84,1.73,0.0,0.0,OK
2026-09-08T23:07:13.757091+00:00,2026-09-08T23:07:11.941510+00:00,atelier,smartmonitor/atelier/state,36,POWER_ON,-42,70216,56408,53236,24.18,1.28,0.0,0.0,OK
2026-09-08T23:08:13.756624+00:00,2026-09-08T23:08:12.454208+00:00,atelier,smartmonitor/atelier/state,36,POWER_ON,-45,70216,56408,53236,24.18,1.28,0.0,0.0,OK
2026-09-08T23:09:13.755883+00:00,2026-09-08T23:09:12.957529+00:00,atelier,smartmonitor/atelier/state,36,POWER_ON,-46,69908,56408,53236,23.85,1.71,0.0,0.0,OK
2026-09-08T23:10:13.759334+00:00,2026-09-08T23:10:13.487622+00:00,atelier,smartmonitor/atelier/state,36,POWER_ON,-49,70216,56408,53236,24.18,1.28,0.0,0.0,OK
2026-09-08T23:11:13.761597+00:00,2026-09-08T23:11:01.853744+00:00,atelier,smartmonitor/atelier/state,36,POWER_ON,-47,69908,56408,53236,23.85,1.71,0.0,0.0,OK
2026-09-08T23:12:13.761898+00:00,2026-09-08T23:12:02.343707+00:00,atelier,smartmonitor/atelier/state,36,POWER_ON,-49,70216,56408,53236,24.18,1.28,0.0,0.0,OK
2026-09-08T23:13:13.758917+00:00,2026-09-08T23:13:02.844698+00:00,atelier,smartmonitor/atelier/state,36,POWER_ON,-49,70216,56408,53236,24.18,1.28,0.0,0.0,OK
2026-09-08T23:14:13.759749+00:00,2026-09-08T23:14:03.395458+00:00,atelier,smartmonitor/atelier/state,36,POWER_ON,-48,69908,56408,53236,23.85,1.71,0.0,0.0,OK
2026-09-08T23:15:13.754825+00:00,2026-09-08T23:15:03.907477+00:00,atelier,smartmonitor/atelier/state,36,POWER_ON,-48,70216,56408,53236,24.18,1.28,0.0,0.0,OK
2026-09-08T23:16:13.756266+00:00,2026-09-08T23:16:04.324775+00:00,atelier,smartmonitor/atelier/state,36,POWER_ON,-47,70216,56408,53236,24.18,1.28,0.0,0.0,OK
2026-09-08T23:17:13.763544+00:00,2026-09-08T23:17:02.810457+00:00,atelier,smartmonitor/atelier/state,36,POWER_ON,-48,69908,56408,53236,23.85,1.71,0.0,0.0,OK
2026-09-08T23:18:13.760397+00:00,2026-09-08T23:18:02.371437+00:00,atelier,smartmonitor/atelier/state,36,POWER_ON,-37,70216,56408,53236,24.18,1.28,0.0,0.0,OK
2026-09-08T23:19:13.753596+00:00,2026-09-08T23:19:02.717938+00:00,atelier,smartmonitor/atelier/state,36,POWER_ON,-47,70216,56408,53236,24.18,1.28,0.0,0.0,OK
2026-09-08T23:20:13.763921+00:00,2026-09-08T23:20:02.519096+00:00,atelier,smartmonitor/atelier/state,36,POWER_ON,-49,70216,56408,53236,24.18,1.28,0.0,0.0,OK
2026-09-08T23:21:13.761870+00:00,2026-09-08T23:21:03.026031+00:00,atelier,smartmonitor/atelier/state,36,POWER_ON,-44,69908,56408,53236,23.85,1.71,0.0,0.0,OK
2026-09-08T23:22:13.764580+00:00,2026-09-08T23:22:03.527845+00:00,atelier,smartmonitor/atelier/state,36,POWER_ON,-44,70216,56408,53236,24.18,1.28,0.0,0.0,OK
2026-09-08T23:23:13.764128+00:00,2026-09-08T23:23:12.845535+00:00,atelier,smartmonitor/atelier/state,36,POWER_ON,-47,69896,56408,53236,23.84,1.73,0.0,0.0,OK
2026-09-08T23:24:13.760921+00:00,2026-09-08T23:24:13.292278+00:00,atelier,smartmonitor/atelier/state,36,POWER_ON,-47,70216,56408,53236,24.18,1.28,0.0,0.0,OK
2026-09-08T23:25:13.752415+00:00,2026-09-08T23:25:01.709252+00:00,atelier,smartmonitor/atelier/state,36,POWER_ON,-48,69908,56408,53236,23.85,1.71,0.0,0.0,OK
2026-09-08T23:26:13.765377+00:00,2026-09-08T23:26:02.233163+00:00,atelier,smartmonitor/atelier/state,36,POWER_ON,-44,70216,56408,53236,24.18,1.28,0.0,0.0,OK
2026-09-08T23:27:13.757381+00:00,2026-09-08T23:27:02.749033+00:00,atelier,smartmonitor/atelier/state,36,POWER_ON,-44,70216,56408,53236,24.18,1.28,0.0,0.0,OK
2026-09-08T23:28:13.760597+00:00,2026-09-08T23:28:03.181337+00:00,atelier,smartmonitor/atelier/state,36,POWER_ON,-47,69896,56408,53236,23.84,1.73,0.0,0.0,OK
2026-09-08T23:29:13.765460+00:00,2026-09-08T23:29:03.693587+00:00,atelier,smartmonitor/atelier/state,36,POWER_ON,-46,70216,56408,53236,24.18,1.28,0.0,0.0,OK
2026-09-08T23:30:13.756862+00:00,2026-09-08T23:30:04.203580+00:00,atelier,smartmonitor/atelier/state,36,POWER_ON,-47,70216,56408,53236,24.18,1.28,0.0,0.0,OK
2026-09-08T23:31:13.754800+00:00,2026-09-08T23:31:04.705897+00:00,atelier,smartmonitor/atelier/state,36,POWER_ON,-44,69908,56408,53236,23.85,1.71,0.0,0.0,OK
2026-09-08T23:32:13.763580+00:00,2026-09-08T23:32:05.238278+00:00,atelier,smartmonitor/atelier/state,36,POWER_ON,-47,70216,56408,53236,24.18,1.28,0.0,0.0,OK
2026-09-08T23:33:13.760462+00:00,2026-09-08T23:33:05.651603+00:00,atelier,smartmonitor/atelier/state,36,POWER_ON,-45,70216,56408,53236,24.18,1.28,0.0,0.0,OK
2026-09-08T23:34:13.755719+00:00,2026-09-08T23:34:06.162939+00:00,atelier,smartmonitor/atelier/state,36,POWER_ON,-44,69908,56408,53236,23.85,1.71,0.0,0.0,OK
2026-09-08T23:35:13.760177+00:00,2026-09-08T23:35:06.686314+00:00,atelier,smartmonitor/atelier/state,36,POWER_ON,-38,70216,56408,53236,24.18,1.28,0.0,0.0,OK
2026-09-08T23:36:13.761581+00:00,2026-09-08T23:36:07.207666+00:00,atelier,smartmonitor/atelier/state,36,POWER_ON,-46,70216,56408,53236,24.18,1.28,0.0,0.0,OK
2026-09-08T23:37:13.757167+00:00,2026-09-08T23:37:07.710354+00:00,atelier,smartmonitor/atelier/state,36,POWER_ON,-44,69896,56408,53236,23.84,1.73,0.0,0.0,OK
2026-09-08T23:38:13.761502+00:00,2026-09-08T23:38:08.151673+00:00,atelier,smartmonitor/atelier/state,36,POWER_ON,-42,70216,56408,53236,24.18,1.28,0.0,0.0,OK
2026-09-08T23:39:13.762109+00:00,2026-09-08T23:39:08.665609+00:00,atelier,smartmonitor/atelier/state,36,POWER_ON,-42,70216,56408,53236,24.18,1.28,0.0,0.0,OK
2026-09-08T23:40:13.756099+00:00,2026-09-08T23:40:09.268042+00:00,atelier,smartmonitor/atelier/state,36,POWER_ON,-41,69908,56408,53236,23.85,1.71,0.0,0.0,OK
2026-09-08T23:41:13.756335+00:00,2026-09-08T23:41:09.693173+00:00,atelier,smartmonitor/atelier/state,36,POWER_ON,-40,70216,56408,53236,24.18,1.28,0.0,0.0,OK
2026-09-08T23:42:13.756689+00:00,2026-09-08T23:42:10.208402+00:00,atelier,smartmonitor/atelier/state,36,POWER_ON,-42,70216,56408,53236,24.18,1.28,0.0,0.0,OK
2026-09-08T23:43:13.760328+00:00,2026-09-08T23:43:10.657146+00:00,atelier,smartmonitor/atelier/state,36,POWER_ON,-43,69896,56408,53236,23.84,1.73,0.0,0.0,OK
2026-09-08T23:44:13.762896+00:00,2026-09-08T23:44:11.167382+00:00,atelier,smartmonitor/atelier/state,36,POWER_ON,-46,70216,56408,53236,24.18,1.28,0.0,0.0,OK
2026-09-08T23:45:13.760712+00:00,2026-09-08T23:45:11.664183+00:00,atelier,smartmonitor/atelier/state,36,POWER_ON,-46,70216,56408,53236,24.18,1.28,0.0,0.0,OK
2026-09-08T23:46:13.753641+00:00,2026-09-08T23:46:12.182317+00:00,atelier,smartmonitor/atelier/state,36,POWER_ON,-54,69908,56408,53236,23.85,1.71,0.0,0.0,OK
2026-09-08T23:47:13.764940+00:00,2026-09-08T23:47:12.695613+00:00,atelier,smartmonitor/atelier/state,36,POWER_ON,-52,70216,56408,53236,24.18,1.28,0.0,0.0,OK
2026-09-08T23:48:13.751030+00:00,2026-09-08T23:48:13.223537+00:00,atelier,smartmonitor/atelier/state,36,POWER_ON,-52,70216,56408,53236,24.18,1.28,0.0,0.0,OK
2026-09-08T23:49:13.762682+00:00,2026-09-08T23:49:13.657502+00:00,atelier,smartmonitor/atelier/state,36,POWER_ON,-48,69896,56408,53236,23.84,1.73,0.0,0.0,OK
2026-09-08T23:50:13.762992+00:00,2026-09-08T23:50:02.067174+00:00,atelier,smartmonitor/atelier/state,36,POWER_ON,-54,70216,56408,53236,24.18,1.28,0.0,0.0,OK
2026-09-08T23:51:13.759222+00:00,2026-09-08T23:51:02.589518+00:00,atelier,smartmonitor/atelier/state,36,POWER_ON,-47,69908,56408,53236,23.85,1.71,0.0,0.0,OK
2026-09-08T23:52:13.758981+00:00,2026-09-08T23:52:03.033536+00:00,atelier,smartmonitor/atelier/state,36,POWER_ON,-51,70216,56408,53236,24.18,1.28,0.0,0.0,OK
2026-09-08T23:53:13.762608+00:00,2026-09-08T23:53:03.532058+00:00,atelier,smartmonitor/atelier/state,36,POWER_ON,-48,70216,56408,53236,24.18,1.28,0.0,0.0,OK
2026-09-08T23:54:13.765239+00:00,2026-09-08T23:54:04.033982+00:00,atelier,smartmonitor/atelier/state,36,POWER_ON,-52,69908,56408,53236,23.85,1.71,0.0,0.0,OK
2026-09-08T23:55:13.755582+00:00,2026-09-08T23:55:04.556460+00:00,atelier,smartmonitor/atelier/state,36,POWER_ON,-47,70216,53036,53236,24.18,1.28,5.98,0.0,OK
2026-09-08T23:56:13.753245+00:00,2026-09-08T23:56:05.078908+00:00,atelier,smartmonitor/atelier/state,36,POWER_ON,-50,70216,53036,53236,24.18,1.28,5.98,0.0,OK
2026-09-08T23:57:13.754678+00:00,2026-09-08T23:57:05.508957+00:00,atelier,smartmonitor/atelier/state,36,POWER_ON,-49,69908,53036,53236,23.85,1.71,5.98,0.0,OK
2026-09-08T23:58:13.755772+00:00,2026-09-08T23:58:06.012066+00:00,atelier,smartmonitor/atelier/state,36,POWER_ON,-46,70216,53036,53236,24.18,1.28,5.98,0.0,OK
2026-09-08T23:59:13.759468+00:00,2026-09-08T23:59:06.529337+00:00,atelier,smartmonitor/atelier/state,36,POWER_ON,-50,70216,53036,53236,24.18,1.28,5.98,0.0,OK
2026-09-09T00:00:13.752227+00:00,2026-09-09T00:00:07.043209+00:00,atelier,smartmonitor/atelier/state,36,POWER_ON,-50,69864,53036,53236,23.8,1.77,5.98,0.0,OK
2026-09-09T00:01:13.766579+00:00,2026-09-09T00:01:07.569155+00:00,atelier,smartmonitor/atelier/state,36,POWER_ON,-49,70216,53036,53236,24.18,1.28,5.98,0.0,OK
2026-09-09T00:02:13.771613+00:00,2026-09-09T00:02:07.992437+00:00,atelier,smartmonitor/atelier/state,36,POWER_ON,-46,70216,53036,53236,24.18,1.28,5.98,0.0,OK
2026-09-09T00:03:13.779492+00:00,2026-09-09T00:03:08.499756+00:00,atelier,smartmonitor/atelier/state,36,POWER_ON,-47,69908,53036,53236,23.85,1.71,5.98,0.0,OK
2026-09-09T00:04:13.778557+00:00,2026-09-09T00:04:09.019619+00:00,atelier,smartmonitor/atelier/state,36,POWER_ON,-50,70216,53036,53236,24.18,1.28,5.98,0.0,OK
2026-09-09T00:05:13.778221+00:00,2026-09-09T00:05:09.540268+00:00,atelier,smartmonitor/atelier/state,36,POWER_ON,-47,70216,53036,53236,24.18,1.28,5.98,0.0,OK
2026-09-09T00:06:13.778469+00:00,2026-09-09T00:06:09.968047+00:00,atelier,smartmonitor/atelier/state,36,POWER_ON,-48,69908,53036,53236,23.85,1.71,5.98,0.0,OK
2026-09-09T00:07:13.774559+00:00,2026-09-09T00:07:10.469220+00:00,atelier,smartmonitor/atelier/state,36,POWER_ON,-50,70216,53036,53236,24.18,1.28,5.98,0.0,OK
2026-09-09T00:08:13.772374+00:00,2026-09-09T00:08:10.979325+00:00,atelier,smartmonitor/atelier/state,36,POWER_ON,-51,70216,53036,53236,24.18,1.28,5.98,0.0,OK
2026-09-09T00:09:13.782200+00:00,2026-09-09T00:09:11.509495+00:00,atelier,smartmonitor/atelier/state,36,POWER_ON,-48,69908,53036,53236,23.85,1.71,5.98,0.0,OK
2026-09-09T00:10:13.787497+00:00,2026-09-09T00:10:12.025164+00:00,atelier,smartmonitor/atelier/state,36,POWER_ON,-46,70216,53036,53236,24.18,1.28,5.98,0.0,OK
2026-09-09T00:11:13.784834+00:00,2026-09-09T00:11:12.460363+00:00,atelier,smartmonitor/atelier/state,36,POWER_ON,-52,70216,53036,53236,24.18,1.28,5.98,0.0,OK
2026-09-09T00:12:13.790472+00:00,2026-09-09T00:12:12.967462+00:00,atelier,smartmonitor/atelier/state,36,POWER_ON,-49,69908,53036,53236,23.85,1.71,5.98,0.0,OK
2026-09-09T00:13:13.790409+00:00,2026-09-09T00:13:13.482159+00:00,atelier,smartmonitor/atelier/state,36,POWER_ON,-50,70216,53036,53236,24.18,1.28,5.98,0.0,OK
2026-09-09T00:14:13.787214+00:00,2026-09-09T00:14:01.914478+00:00,atelier,smartmonitor/atelier/state,36,POWER_ON,-49,69896,53036,53236,23.84,1.73,5.98,0.0,OK
2026-09-09T00:15:13.788661+00:00,2026-09-09T00:15:02.362081+00:00,atelier,smartmonitor/atelier/state,36,POWER_ON,-48,70216,53036,53236,24.18,1.28,5.98,0.0,OK
2026-09-09T00:16:13.787207+00:00,2026-09-09T00:16:02.857661+00:00,atelier,smartmonitor/atelier/state,36,POWER_ON,-54,70212,53036,53236,24.18,1.28,5.98,0.0,OK
2026-09-09T00:17:13.784047+00:00,2026-09-09T00:17:03.369075+00:00,atelier,smartmonitor/atelier/state,36,POWER_ON,-49,69904,53036,53236,23.84,1.72,5.98,0.0,OK
2026-09-09T00:18:13.783643+00:00,2026-09-09T00:18:03.885917+00:00,atelier,smartmonitor/atelier/state,36,POWER_ON,-49,70212,53036,53236,24.18,1.28,5.98,0.0,OK
2026-09-09T00:19:13.794155+00:00,2026-09-09T00:19:04.403378+00:00,atelier,smartmonitor/atelier/state,36,POWER_ON,-52,70212,53036,53236,24.18,1.28,5.98,0.0,OK
2026-09-09T00:20:13.792011+00:00,2026-09-09T00:20:04.840526+00:00,atelier,smartmonitor/atelier/state,36,POWER_ON,-48,69892,53036,53236,23.83,1.73,5.98,0.0,OK
2026-09-09T00:21:13.791150+00:00,2026-09-09T00:21:05.344730+00:00,atelier,smartmonitor/atelier/state,36,POWER_ON,-50,70212,53036,53236,24.18,1.28,5.98,0.0,OK
2026-09-09T00:22:13.791461+00:00,2026-09-09T00:22:05.887676+00:00,atelier,smartmonitor/atelier/state,36,POWER_ON,-50,70212,53036,53236,24.18,1.28,5.98,0.0,OK
2026-09-09T00:23:13.797452+00:00,2026-09-09T00:23:06.375279+00:00,atelier,smartmonitor/atelier/state,36,POWER_ON,-48,69904,53036,53236,23.84,1.72,5.98,0.0,OK
2026-09-09T00:24:13.793509+00:00,2026-09-09T00:24:06.886074+00:00,atelier,smartmonitor/atelier/state,36,POWER_ON,-43,70212,53036,53236,24.18,1.28,5.98,0.0,OK
2026-09-09T00:25:13.797260+00:00,2026-09-09T00:25:07.339828+00:00,atelier,smartmonitor/atelier/state,36,POWER_ON,-47,70212,53036,53236,24.18,1.28,5.98,0.0,OK
2026-09-09T00:26:13.794043+00:00,2026-09-09T00:26:07.820628+00:00,atelier,smartmonitor/atelier/state,36,POWER_ON,-41,69904,53036,53236,23.84,1.72,5.98,0.0,OK
2026-09-09T00:27:13.784609+00:00,2026-09-09T00:27:08.356059+00:00,atelier,smartmonitor/atelier/state,36,POWER_ON,-39,70212,53036,53236,24.18,1.28,5.98,0.0,OK
2026-09-09T00:28:13.797620+00:00,2026-09-09T00:28:08.870784+00:00,atelier,smartmonitor/atelier/state,36,POWER_ON,-44,70212,53036,53236,24.18,1.28,5.98,0.0,OK
2026-09-09T00:29:13.813027+00:00,2026-09-09T00:29:09.312179+00:00,atelier,smartmonitor/atelier/state,36,POWER_ON,-40,69892,53036,53236,23.83,1.73,5.98,0.0,OK
2026-09-09T00:30:13.798985+00:00,2026-09-09T00:30:09.810601+00:00,atelier,smartmonitor/atelier/state,36,POWER_ON,-40,70212,53036,53236,24.18,1.28,5.98,0.0,OK
2026-09-09T00:31:13.810877+00:00,2026-09-09T00:31:10.314685+00:00,atelier,smartmonitor/atelier/state,36,POWER_ON,-44,70212,53036,53236,24.18,1.28,5.98,0.0,OK
2026-09-09T00:32:13.799768+00:00,2026-09-09T00:32:10.837702+00:00,atelier,smartmonitor/atelier/state,36,POWER_ON,-40,69904,53036,53236,23.84,1.72,5.98,0.0,OK
2026-09-09T00:33:13.811234+00:00,2026-09-09T00:33:11.356766+00:00,atelier,smartmonitor/atelier/state,36,POWER_ON,-43,70212,53036,53236,24.18,1.28,5.98,0.0,OK
2026-09-09T00:34:13.809376+00:00,2026-09-09T00:34:11.871042+00:00,atelier,smartmonitor/atelier/state,36,POWER_ON,-44,70212,53036,53236,24.18,1.28,5.98,0.0,OK
2026-09-09T00:35:13.810832+00:00,2026-09-09T00:35:12.309679+00:00,atelier,smartmonitor/atelier/state,36,POWER_ON,-40,69892,53036,53236,23.83,1.73,5.98,0.0,OK
2026-09-09T00:36:13.810563+00:00,2026-09-09T00:36:12.805569+00:00,atelier,smartmonitor/atelier/state,36,POWER_ON,-45,70212,53036,53236,24.18,1.28,5.98,0.0,OK
2026-09-09T00:37:13.806852+00:00,2026-09-09T00:37:13.323034+00:00,atelier,smartmonitor/atelier/state,36,POWER_ON,-41,70212,53036,53236,24.18,1.28,5.98,0.0,OK
2026-09-09T00:38:13.803044+00:00,2026-09-09T00:38:01.759787+00:00,atelier,smartmonitor/atelier/state,36,POWER_ON,-46,70212,53036,53236,24.18,1.28,5.98,0.0,OK
2026-09-09T00:39:13.801655+00:00,2026-09-09T00:39:02.196763+00:00,atelier,smartmonitor/atelier/state,36,POWER_ON,-41,70212,53036,53236,24.18,1.28,5.98,0.0,OK
2026-09-09T00:40:13.801361+00:00,2026-09-09T00:40:02.694387+00:00,atelier,smartmonitor/atelier/state,36,POWER_ON,-40,69904,53036,53236,23.84,1.72,5.98,0.0,OK
2026-09-09T00:41:13.802277+00:00,2026-09-09T00:41:03.205671+00:00,atelier,smartmonitor/atelier/state,36,POWER_ON,-44,70212,53036,53236,24.18,1.28,5.98,0.0,OK
2026-09-09T00:42:13.802824+00:00,2026-09-09T00:42:03.722501+00:00,atelier,smartmonitor/atelier/state,36,POWER_ON,-43,70212,53036,53236,24.18,1.28,5.98,0.0,OK
2026-09-09T00:43:13.805772+00:00,2026-09-09T00:43:04.170755+00:00,atelier,smartmonitor/atelier/state,36,POWER_ON,-41,69904,53036,53236,23.84,1.72,5.98,0.0,OK
2026-09-09T00:44:13.808665+00:00,2026-09-09T00:44:04.671978+00:00,atelier,smartmonitor/atelier/state,36,POWER_ON,-53,70212,53036,53236,24.18,1.28,5.98,0.0,OK
2026-09-09T00:45:13.807938+00:00,2026-09-09T00:45:05.186150+00:00,atelier,smartmonitor/atelier/state,36,POWER_ON,-51,70212,53036,53236,24.18,1.28,5.98,0.0,OK
2026-09-09T00:46:13.805987+00:00,2026-09-09T00:46:05.703947+00:00,atelier,smartmonitor/atelier/state,36,POWER_ON,-52,69904,53036,53236,23.84,1.72,5.98,0.0,OK
2026-09-09T00:47:13.801806+00:00,2026-09-09T00:47:06.211982+00:00,atelier,smartmonitor/atelier/state,36,POWER_ON,-50,70212,53036,53236,24.18,1.28,5.98,0.0,OK
2026-09-09T00:48:13.800854+00:00,2026-09-09T00:48:06.653560+00:00,atelier,smartmonitor/atelier/state,36,POWER_ON,-49,70212,53036,53236,24.18,1.28,5.98,0.0,OK
2026-09-09T00:49:13.808908+00:00,2026-09-09T00:49:07.160321+00:00,atelier,smartmonitor/atelier/state,36,POWER_ON,-48,69904,53036,53236,23.84,1.72,5.98,0.0,OK
2026-09-09T00:50:13.801493+00:00,2026-09-09T00:50:07.666450+00:00,atelier,smartmonitor/atelier/state,36,POWER_ON,-48,70212,53036,53236,24.18,1.28,5.98,0.0,OK
2026-09-09T00:51:15.188000+00:00,2026-09-09T00:51:09.576772+00:00,atelier,smartmonitor/atelier/state,36,POWER_ON,-50,70212,53036,53236,24.18,1.28,5.98,0.0,OK
2026-09-09T00:52:15.198602+00:00,2026-09-09T00:52:10.086981+00:00,atelier,smartmonitor/atelier/state,36,POWER_ON,-47,69892,53036,53236,23.83,1.73,5.98,0.0,OK
2026-09-09T00:53:15.196699+00:00,2026-09-09T00:53:10.537846+00:00,atelier,smartmonitor/atelier/state,36,POWER_ON,-51,70212,53036,53236,24.18,1.28,5.98,0.0,OK
2026-09-09T00:54:15.192141+00:00,2026-09-09T00:54:11.033959+00:00,atelier,smartmonitor/atelier/state,36,POWER_ON,-48,70212,53036,53236,24.18,1.28,5.98,0.0,OK
2026-09-09T00:55:15.190542+00:00,2026-09-09T00:55:11.545210+00:00,atelier,smartmonitor/atelier/state,36,POWER_ON,-49,69904,53036,53236,23.84,1.72,5.98,0.0,OK
2026-09-09T00:56:15.200925+00:00,2026-09-09T00:56:12.066733+00:00,atelier,smartmonitor/atelier/state,36,POWER_ON,-50,70212,53036,53236,24.18,1.28,5.98,0.0,OK
2026-09-09T00:57:15.200764+00:00,2026-09-09T00:57:12.598603+00:00,atelier,smartmonitor/atelier/state,36,POWER_ON,-51,70212,53036,53236,24.18,1.28,5.98,0.0,OK
2026-09-09T00:58:15.198351+00:00,2026-09-09T00:58:13.016737+00:00,atelier,smartmonitor/atelier/state,36,POWER_ON,-48,69904,53036,53236,23.84,1.72,5.98,0.0,OK
2026-09-09T00:59:15.201110+00:00,2026-09-09T00:59:13.521240+00:00,atelier,smartmonitor/atelier/state,36,POWER_ON,-49,70212,53036,53236,24.18,1.28,5.98,0.0,OK
2026-09-09T01:00:15.196042+00:00,2026-09-09T01:00:14.032779+00:00,atelier,smartmonitor/atelier/state,36,POWER_ON,-47,70212,53036,53236,24.18,1.28,5.98,0.0,OK
2026-09-09T01:01:15.186938+00:00,2026-09-09T01:01:14.550996+00:00,atelier,smartmonitor/atelier/state,36,POWER_ON,-48,69892,53036,53236,23.83,1.73,5.98,0.0,OK
2026-09-09T01:02:15.188756+00:00,2026-09-09T01:02:14.995478+00:00,atelier,smartmonitor/atelier/state,36,POWER_ON,-48,70212,53036,53236,24.18,1.28,5.98,0.0,OK
2026-09-09T01:03:15.187729+00:00,2026-09-09T01:03:03.407071+00:00,atelier,smartmonitor/atelier/state,36,POWER_ON,-47,69904,53036,53236,23.84,1.72,5.98,0.0,OK
2026-09-09T01:04:15.198450+00:00,2026-09-09T01:04:03.940078+00:00,atelier,smartmonitor/atelier/state,36,POWER_ON,-46,70212,53036,53236,24.18,1.28,5.98,0.0,OK
2026-09-09T01:05:15.201682+00:00,2026-09-09T01:05:04.451820+00:00,atelier,smartmonitor/atelier/state,36,POWER_ON,-48,70212,53036,53236,24.18,1.28,5.98,0.0,OK
2026-09-09T01:06:15.201079+00:00,2026-09-09T01:06:04.965184+00:00,atelier,smartmonitor/atelier/state,36,POWER_ON,-48,69892,53036,53236,23.83,1.73,5.98,0.0,OK
2026-09-09T01:07:15.195526+00:00,2026-09-09T01:07:05.394425+00:00,atelier,smartmonitor/atelier/state,36,POWER_ON,-52,70212,53036,53236,24.18,1.28,5.98,0.0,OK
2026-09-09T01:08:15.193373+00:00,2026-09-09T01:08:05.896862+00:00,atelier,smartmonitor/atelier/state,36,POWER_ON,-51,70212,53036,53236,24.18,1.28,5.98,0.0,OK
2026-09-09T01:09:15.191407+00:00,2026-09-09T01:09:06.416099+00:00,atelier,smartmonitor/atelier/state,36,POWER_ON,-50,69904,53036,53236,23.84,1.72,5.98,0.0,OK
2026-09-09T01:10:15.188859+00:00,2026-09-09T01:10:06.931781+00:00,atelier,smartmonitor/atelier/state,36,POWER_ON,-52,70212,53036,53236,24.18,1.28,5.98,0.0,OK
2026-09-09T01:11:15.201689+00:00,2026-09-09T01:11:07.467854+00:00,atelier,smartmonitor/atelier/state,36,POWER_ON,-51,70212,53036,53236,24.18,1.28,5.98,0.0,OK
2026-09-09T01:12:15.186598+00:00,2026-09-09T01:12:07.899040+00:00,atelier,smartmonitor/atelier/state,36,POWER_ON,-53,69904,53036,53236,23.84,1.72,5.98,0.0,OK
2026-09-09T01:13:15.195769+00:00,2026-09-09T01:13:08.385990+00:00,atelier,smartmonitor/atelier/state,36,POWER_ON,-53,70212,53036,53236,24.18,1.28,5.98,0.0,OK
2026-09-09T01:14:15.193673+00:00,2026-09-09T01:14:08.900980+00:00,atelier,smartmonitor/atelier/state,36,POWER_ON,-46,70212,53036,53236,24.18,1.28,5.98,0.0,OK
2026-09-09T01:15:15.191989+00:00,2026-09-09T01:15:09.425566+00:00,atelier,smartmonitor/atelier/state,36,POWER_ON,-51,69904,53036,53236,23.84,1.72,5.98,0.0,OK
2026-09-09T01:16:15.194925+00:00,2026-09-09T01:16:09.943765+00:00,atelier,smartmonitor/atelier/state,36,POWER_ON,-50,70212,53036,53236,24.18,1.28,5.98,0.0,OK
2026-09-09T01:17:15.187012+00:00,2026-09-09T01:17:10.382190+00:00,atelier,smartmonitor/atelier/state,36,POWER_ON,-51,70212,53036,53236,24.18,1.28,5.98,0.0,OK
2026-09-09T01:18:15.190247+00:00,2026-09-09T01:18:10.880085+00:00,atelier,smartmonitor/atelier/state,36,POWER_ON,-50,69904,53036,53236,23.84,1.72,5.98,0.0,OK
2026-09-09T01:19:15.199380+00:00,2026-09-09T01:19:11.394562+00:00,atelier,smartmonitor/atelier/state,36,POWER_ON,-49,70212,53036,53236,24.18,1.28,5.98,0.0,OK
2026-09-09T01:20:15.187380+00:00,2026-09-09T01:20:11.912215+00:00,atelier,smartmonitor/atelier/state,36,POWER_ON,-47,70212,53036,53236,24.18,1.28,5.98,0.0,OK
2026-09-09T01:21:15.201410+00:00,2026-09-09T01:21:12.438835+00:00,atelier,smartmonitor/atelier/state,36,POWER_ON,-48,69904,53036,53236,23.84,1.72,5.98,0.0,OK
2026-09-09T01:22:15.197180+00:00,2026-09-09T01:22:12.879025+00:00,atelier,smartmonitor/atelier/state,36,POWER_ON,-49,70212,53036,53236,24.18,1.28,5.98,0.0,OK
2026-09-09T01:23:15.191008+00:00,2026-09-09T01:23:13.364990+00:00,atelier,smartmonitor/atelier/state,36,POWER_ON,-52,70212,53036,53236,24.18,1.28,5.98,0.0,OK
2026-09-09T01:24:15.202118+00:00,2026-09-09T01:24:13.887032+00:00,atelier,smartmonitor/atelier/state,36,POWER_ON,-48,69904,53036,53236,23.84,1.72,5.98,0.0,OK
2026-09-09T01:25:15.219727+00:00,2026-09-09T01:25:14.407894+00:00,atelier,smartmonitor/atelier/state,36,POWER_ON,-52,70212,53036,53236,24.18,1.28,5.98,0.0,OK
2026-09-09T01:26:15.228998+00:00,2026-09-09T01:26:14.919753+00:00,atelier,smartmonitor/atelier/state,36,POWER_ON,-50,70212,53036,53236,24.18,1.28,5.98,0.0,OK
2026-09-09T01:27:15.228764+00:00,2026-09-09T01:27:03.253702+00:00,atelier,smartmonitor/atelier/state,36,POWER_ON,-51,70212,53036,53236,24.18,1.28,5.98,0.0,OK
2026-09-09T01:28:15.224602+00:00,2026-09-09T01:28:03.769963+00:00,atelier,smartmonitor/atelier/state,36,POWER_ON,-50,70212,53036,53236,24.18,1.28,5.98,0.0,OK
2026-09-09T01:29:15.220751+00:00,2026-09-09T01:29:04.305836+00:00,atelier,smartmonitor/atelier/state,36,POWER_ON,-51,69892,53036,53236,23.83,1.73,5.98,0.0,OK
2026-09-09T01:30:15.219533+00:00,2026-09-09T01:30:04.740102+00:00,atelier,smartmonitor/atelier/state,36,POWER_ON,-48,70212,53036,53236,24.18,1.28,5.98,0.0,OK
2026-09-09T01:31:15.230008+00:00,2026-09-09T01:31:05.242327+00:00,atelier,smartmonitor/atelier/state,36,POWER_ON,-51,70212,53036,53236,24.18,1.28,5.98,0.0,OK
2026-09-09T01:32:15.221158+00:00,2026-09-09T01:32:05.740588+00:00,atelier,smartmonitor/atelier/state,36,POWER_ON,-51,69904,53036,53236,23.84,1.72,5.98,0.0,OK
2026-09-09T01:33:15.220289+00:00,2026-09-09T01:33:06.260566+00:00,atelier,smartmonitor/atelier/state,36,POWER_ON,-49,70212,53036,53236,24.18,1.28,5.98,0.0,OK
2026-09-09T01:34:15.226698+00:00,2026-09-09T01:34:06.780123+00:00,atelier,smartmonitor/atelier/state,36,POWER_ON,-47,70212,53036,53236,24.18,1.28,5.98,0.0,OK
2026-09-09T01:35:15.221269+00:00,2026-09-09T01:35:07.209123+00:00,atelier,smartmonitor/atelier/state,36,POWER_ON,-50,69904,53036,53236,23.84,1.72,5.98,0.0,OK
2026-09-09T01:36:15.231861+00:00,2026-09-09T01:36:07.725707+00:00,atelier,smartmonitor/atelier/state,36,POWER_ON,-51,70212,53036,53236,24.18,1.28,5.98,0.0,OK
2026-09-09T01:37:15.224054+00:00,2026-09-09T01:37:08.228417+00:00,atelier,smartmonitor/atelier/state,36,POWER_ON,-48,70212,53036,53236,24.18,1.28,5.98,0.0,OK
2026-09-09T01:38:15.232160+00:00,2026-09-09T01:38:08.748046+00:00,atelier,smartmonitor/atelier/state,36,POWER_ON,-49,69892,53036,53236,23.83,1.73,5.98,0.0,OK
2026-09-09T01:39:15.230156+00:00,2026-09-09T01:39:09.199978+00:00,atelier,smartmonitor/atelier/state,36,POWER_ON,-50,70212,53036,53236,24.18,1.28,5.98,0.0,OK
2026-09-09T01:40:15.229652+00:00,2026-09-09T01:40:09.684604+00:00,atelier,smartmonitor/atelier/state,36,POWER_ON,-46,70212,53036,53236,24.18,1.28,5.98,0.0,OK
2026-09-09T01:41:15.224390+00:00,2026-09-09T01:41:10.204315+00:00,atelier,smartmonitor/atelier/state,36,POWER_ON,-44,69892,53036,53236,23.83,1.73,5.98,0.0,OK
2026-09-09T01:42:15.221461+00:00,2026-09-09T01:42:10.729075+00:00,atelier,smartmonitor/atelier/state,36,POWER_ON,-47,70212,53036,53236,24.18,1.28,5.98,0.0,OK
2026-09-09T01:43:15.227422+00:00,2026-09-09T01:43:11.173422+00:00,atelier,smartmonitor/atelier/state,36,POWER_ON,-50,70212,53036,53236,24.18,1.28,5.98,0.0,OK
2026-09-09T01:44:15.225715+00:00,2026-09-09T01:44:11.664201+00:00,atelier,smartmonitor/atelier/state,36,POWER_ON,-49,69904,53036,53236,23.84,1.72,5.98,0.0,OK
2026-09-09T01:45:15.221774+00:00,2026-09-09T01:45:12.173351+00:00,atelier,smartmonitor/atelier/state,36,POWER_ON,-49,70212,53036,53236,24.18,1.28,5.98,0.0,OK
2026-09-09T01:46:15.219335+00:00,2026-09-09T01:46:12.695916+00:00,atelier,smartmonitor/atelier/state,36,POWER_ON,-53,70212,53036,53236,24.18,1.28,5.98,0.0,OK
2026-09-09T01:47:15.227771+00:00,2026-09-09T01:47:13.209700+00:00,atelier,smartmonitor/atelier/state,36,POWER_ON,-48,69892,53036,53236,23.83,1.73,5.98,0.0,OK
2026-09-09T01:48:15.222039+00:00,2026-09-09T01:48:13.646317+00:00,atelier,smartmonitor/atelier/state,36,POWER_ON,-46,70212,53036,53236,24.18,1.28,5.98,0.0,OK
2026-09-09T01:49:15.218015+00:00,2026-09-09T01:49:14.141133+00:00,atelier,smartmonitor/atelier/state,36,POWER_ON,-48,70212,53036,53236,24.18,1.28,5.98,0.0,OK
2026-09-09T01:50:15.230892+00:00,2026-09-09T01:50:14.660102+00:00,atelier,smartmonitor/atelier/state,36,POWER_ON,-51,69904,53036,53236,23.84,1.72,5.98,0.0,OK
2026-09-09T01:51:15.227443+00:00,2026-09-09T01:51:15.185668+00:00,atelier,smartmonitor/atelier/state,36,POWER_ON,-51,70212,53036,53236,24.18,1.28,5.98,0.0,OK
2026-09-09T01:52:15.230277+00:00,2026-09-09T01:52:03.532622+00:00,atelier,smartmonitor/atelier/state,36,POWER_ON,-52,69904,53036,53236,23.84,1.72,5.98,0.0,OK
2026-09-09T01:53:15.227186+00:00,2026-09-09T01:53:04.045117+00:00,atelier,smartmonitor/atelier/state,36,POWER_ON,-50,70212,53036,53236,24.18,1.28,5.98,0.0,OK
2026-09-09T01:54:15.222926+00:00,2026-09-09T01:54:04.550875+00:00,atelier,smartmonitor/atelier/state,36,POWER_ON,-50,70212,53036,53236,24.18,1.28,5.98,0.0,OK
2026-09-09T01:55:15.220020+00:00,2026-09-09T01:55:05.069484+00:00,atelier,smartmonitor/atelier/state,36,POWER_ON,-51,69892,53036,53236,23.83,1.73,5.98,0.0,OK
2026-09-09T01:56:15.231974+00:00,2026-09-09T01:56:05.511615+00:00,atelier,smartmonitor/atelier/state,36,POWER_ON,-48,70212,53036,53236,24.18,1.28,5.98,0.0,OK
2026-09-09T01:57:15.228728+00:00,2026-09-09T01:57:06.005094+00:00,atelier,smartmonitor/atelier/state,36,POWER_ON,-48,70212,53036,53236,24.18,1.28,5.98,0.0,OK
2026-09-09T01:58:15.224370+00:00,2026-09-09T01:58:06.523655+00:00,atelier,smartmonitor/atelier/state,36,POWER_ON,-48,69904,53036,53236,23.84,1.72,5.98,0.0,OK
2026-09-09T01:59:15.222473+00:00,2026-09-09T01:59:07.039696+00:00,atelier,smartmonitor/atelier/state,36,POWER_ON,-52,70212,53036,53236,24.18,1.28,5.98,0.0,OK
2026-09-09T02:00:15.219862+00:00,2026-09-09T02:00:07.562405+00:00,atelier,smartmonitor/atelier/state,36,POWER_ON,-52,70212,53036,53236,24.18,1.28,5.98,0.0,OK
2026-09-09T02:01:15.225832+00:00,2026-09-09T02:01:07.991696+00:00,atelier,smartmonitor/atelier/state,36,POWER_ON,-42,69904,53036,53236,23.84,1.72,5.98,0.0,OK
2026-09-09T02:02:15.232823+00:00,2026-09-09T02:02:08.492206+00:00,atelier,smartmonitor/atelier/state,36,POWER_ON,-41,70212,53036,53236,24.18,1.28,5.98,0.0,OK
2026-09-09T02:03:15.227192+00:00,2026-09-09T02:03:09.010137+00:00,atelier,smartmonitor/atelier/state,36,POWER_ON,-46,70212,53036,53236,24.18,1.28,5.98,0.0,OK
2026-09-09T02:04:15.230910+00:00,2026-09-09T02:04:09.522557+00:00,atelier,smartmonitor/atelier/state,36,POWER_ON,-41,69892,53036,53236,23.83,1.73,5.98,0.0,OK
2026-09-09T02:05:15.229553+00:00,2026-09-09T02:05:10.054872+00:00,atelier,smartmonitor/atelier/state,36,POWER_ON,-43,70212,53036,53236,24.18,1.28,5.98,0.0,OK
2026-09-09T02:06:15.231754+00:00,2026-09-09T02:06:10.471551+00:00,atelier,smartmonitor/atelier/state,36,POWER_ON,-43,70212,53036,53236,24.18,1.28,5.98,0.0,OK
2026-09-09T02:07:15.219366+00:00,2026-09-09T02:07:10.991777+00:00,atelier,smartmonitor/atelier/state,36,POWER_ON,-43,69904,53036,53236,23.84,1.72,5.98,0.0,OK
2026-09-09T02:08:15.232223+00:00,2026-09-09T02:08:11.505692+00:00,atelier,smartmonitor/atelier/state,36,POWER_ON,-41,70212,53036,53236,24.18,1.28,5.98,0.0,OK
2026-09-09T02:09:15.220617+00:00,2026-09-09T02:09:12.012261+00:00,atelier,smartmonitor/atelier/state,36,POWER_ON,-44,70212,53036,53236,24.18,1.28,5.98,0.0,OK
2026-09-09T02:10:15.230929+00:00,2026-09-09T02:10:12.453356+00:00,atelier,smartmonitor/atelier/state,36,POWER_ON,-42,69904,53036,53236,23.84,1.72,5.98,0.0,OK
2026-09-09T02:11:15.219718+00:00,2026-09-09T02:11:12.954051+00:00,atelier,smartmonitor/atelier/state,36,POWER_ON,-43,70212,53036,53236,24.18,1.28,5.98,0.0,OK
2026-09-09T02:12:15.219859+00:00,2026-09-09T02:12:13.470801+00:00,atelier,smartmonitor/atelier/state,36,POWER_ON,-40,70212,53036,53236,24.18,1.28,5.98,0.0,OK
2026-09-09T02:13:15.230928+00:00,2026-09-09T02:13:13.986407+00:00,atelier,smartmonitor/atelier/state,36,POWER_ON,-45,69892,53036,53236,23.83,1.73,5.98,0.0,OK
2026-09-09T02:14:15.228592+00:00,2026-09-09T02:14:14.422692+00:00,atelier,smartmonitor/atelier/state,36,POWER_ON,-45,70212,53036,53236,24.18,1.28,5.98,0.0,OK
2026-09-09T02:15:15.226156+00:00,2026-09-09T02:15:14.925653+00:00,atelier,smartmonitor/atelier/state,36,POWER_ON,-42,70212,53036,53236,24.18,1.28,5.98,0.0,OK
2026-09-09T02:16:15.222038+00:00,2026-09-09T02:16:03.358653+00:00,atelier,smartmonitor/atelier/state,36,POWER_ON,-42,70212,53036,53236,24.18,1.28,5.98,0.0,OK
2026-09-09T02:17:15.229317+00:00,2026-09-09T02:17:03.879160+00:00,atelier,smartmonitor/atelier/state,36,POWER_ON,-46,70212,53036,53236,24.18,1.28,5.98,0.0,OK
2026-09-09T02:18:15.224529+00:00,2026-09-09T02:18:04.315414+00:00,atelier,smartmonitor/atelier/state,36,POWER_ON,-44,69892,53036,53236,23.83,1.73,5.98,0.0,OK
2026-09-09T02:19:15.223239+00:00,2026-09-09T02:19:04.809549+00:00,atelier,smartmonitor/atelier/state,36,POWER_ON,-44,70212,53036,53236,24.18,1.28,5.98,0.0,OK
2026-09-09T02:20:15.222026+00:00,2026-09-09T02:20:05.332192+00:00,atelier,smartmonitor/atelier/state,36,POWER_ON,-51,70212,53036,53236,24.18,1.28,5.98,0.0,OK
2026-09-09T02:21:15.231552+00:00,2026-09-09T02:21:05.847625+00:00,atelier,smartmonitor/atelier/state,36,POWER_ON,-52,69904,53036,53236,23.84,1.72,5.98,0.0,OK
2026-09-09T02:22:15.223513+00:00,2026-09-09T02:22:06.357643+00:00,atelier,smartmonitor/atelier/state,36,POWER_ON,-51,70212,53036,53236,24.18,1.28,5.98,0.0,OK
2026-09-09T02:23:15.230623+00:00,2026-09-09T02:23:06.800675+00:00,atelier,smartmonitor/atelier/state,36,POWER_ON,-51,70212,53036,53236,24.18,1.28,5.98,0.0,OK
2026-09-09T02:24:15.222596+00:00,2026-09-09T02:24:07.298878+00:00,atelier,smartmonitor/atelier/state,36,POWER_ON,-50,69904,53036,53236,23.84,1.72,5.98,0.0,OK
2026-09-09T02:25:15.220356+00:00,2026-09-09T02:25:07.823034+00:00,atelier,smartmonitor/atelier/state,36,POWER_ON,-47,70212,53036,53236,24.18,1.28,5.98,0.0,OK
2026-09-09T02:26:15.232017+00:00,2026-09-09T02:26:08.333471+00:00,atelier,smartmonitor/atelier/state,36,POWER_ON,-48,70212,53036,53236,24.18,1.28,5.98,0.0,OK
2026-09-09T02:27:15.229495+00:00,2026-09-09T02:27:08.771597+00:00,atelier,smartmonitor/atelier/state,36,POWER_ON,-51,69892,53036,53236,23.83,1.73,5.98,0.0,OK
2026-09-09T02:28:15.222074+00:00,2026-09-09T02:28:09.273003+00:00,atelier,smartmonitor/atelier/state,36,POWER_ON,-52,70212,53036,53236,24.18,1.28,5.98,0.0,OK
2026-09-09T02:29:15.231686+00:00,2026-09-09T02:29:09.785878+00:00,atelier,smartmonitor/atelier/state,36,POWER_ON,-46,70212,53036,53236,24.18,1.28,5.98,0.0,OK
2026-09-09T02:30:15.222561+00:00,2026-09-09T02:30:10.307756+00:00,atelier,smartmonitor/atelier/state,36,POWER_ON,-53,69892,53036,53236,23.83,1.73,5.98,0.0,OK
2026-09-09T02:31:15.220190+00:00,2026-09-09T02:31:10.822291+00:00,atelier,smartmonitor/atelier/state,36,POWER_ON,-47,70212,53036,53236,24.18,1.28,5.98,0.0,OK
2026-09-09T02:32:15.230210+00:00,2026-09-09T02:32:11.257673+00:00,atelier,smartmonitor/atelier/state,36,POWER_ON,-51,70212,53036,53236,24.18,1.28,5.98,0.0,OK
2026-09-09T02:33:15.225925+00:00,2026-09-09T02:33:11.758323+00:00,atelier,smartmonitor/atelier/state,36,POWER_ON,-46,69904,53036,53236,23.84,1.72,5.98,0.0,OK
2026-09-09T02:34:15.220838+00:00,2026-09-09T02:34:12.278750+00:00,atelier,smartmonitor/atelier/state,36,POWER_ON,-48,70212,53036,53236,24.18,1.28,5.98,0.0,OK
2026-09-09T02:35:15.231822+00:00,2026-09-09T02:35:12.792148+00:00,atelier,smartmonitor/atelier/state,36,POWER_ON,-49,70212,53036,53236,24.18,1.28,5.98,0.0,OK
2026-09-09T02:36:15.228680+00:00,2026-09-09T02:36:13.321307+00:00,atelier,smartmonitor/atelier/state,36,POWER_ON,-49,69892,53036,53236,23.83,1.73,5.98,0.0,OK
2026-09-09T02:37:15.227605+00:00,2026-09-09T02:37:13.739849+00:00,atelier,smartmonitor/atelier/state,36,POWER_ON,-49,70212,53036,53236,24.18,1.28,5.98,0.0,OK
2026-09-09T02:38:15.223980+00:00,2026-09-09T02:38:14.253322+00:00,atelier,smartmonitor/atelier/state,36,POWER_ON,-47,70212,53036,53236,24.18,1.28,5.98,0.0,OK
2026-09-09T02:39:15.222557+00:00,2026-09-09T02:39:14.766744+00:00,atelier,smartmonitor/atelier/state,36,POWER_ON,-52,69904,53036,53236,23.84,1.72,5.98,0.0,OK
2026-09-09T02:40:15.218370+00:00,2026-09-09T02:40:03.203296+00:00,atelier,smartmonitor/atelier/state,36,POWER_ON,-50,70212,53036,53236,24.18,1.28,5.98,0.0,OK
2026-09-09T02:41:15.220008+00:00,2026-09-09T02:41:03.644300+00:00,atelier,smartmonitor/atelier/state,36,POWER_ON,-46,69892,53036,53236,23.83,1.73,5.98,0.0,OK
2026-09-09T02:42:15.227835+00:00,2026-09-09T02:42:04.150451+00:00,atelier,smartmonitor/atelier/state,36,POWER_ON,-49,70212,53036,53236,24.18,1.28,5.98,0.0,OK
2026-09-09T02:43:15.223559+00:00,2026-09-09T02:43:04.654905+00:00,atelier,smartmonitor/atelier/state,36,POWER_ON,-48,70212,53036,53236,24.18,1.28,5.98,0.0,OK
2026-09-09T02:44:15.222053+00:00,2026-09-09T02:44:05.186275+00:00,atelier,smartmonitor/atelier/state,36,POWER_ON,-49,69904,53036,53236,23.84,1.72,5.98,0.0,OK
2026-09-09T02:45:15.220296+00:00,2026-09-09T02:45:05.686632+00:00,atelier,smartmonitor/atelier/state,36,POWER_ON,-50,70212,53036,53236,24.18,1.28,5.98,0.0,OK
2026-09-09T02:46:15.231242+00:00,2026-09-09T02:46:06.128950+00:00,atelier,smartmonitor/atelier/state,36,POWER_ON,-47,70212,53036,53236,24.18,1.28,5.98,0.0,OK
2026-09-09T02:47:15.231596+00:00,2026-09-09T02:47:06.635448+00:00,atelier,smartmonitor/atelier/state,36,POWER_ON,-45,69904,53036,53236,23.84,1.72,5.98,0.0,OK
2026-09-09T02:48:15.229665+00:00,2026-09-09T02:48:07.146100+00:00,atelier,smartmonitor/atelier/state,36,POWER_ON,-51,70212,53036,53236,24.18,1.28,5.98,0.0,OK
2026-09-09T02:49:15.221785+00:00,2026-09-09T02:49:07.673736+00:00,atelier,smartmonitor/atelier/state,36,POWER_ON,-45,70212,53036,53236,24.18,1.28,5.98,0.0,OK
2026-09-09T02:50:15.229394+00:00,2026-09-09T02:50:08.185855+00:00,atelier,smartmonitor/atelier/state,36,POWER_ON,-49,69892,53036,53236,23.83,1.73,5.98,0.0,OK
2026-09-09T02:51:15.228335+00:00,2026-09-09T02:51:08.626314+00:00,atelier,smartmonitor/atelier/state,36,POWER_ON,-52,70212,53036,53236,24.18,1.28,5.98,0.0,OK
2026-09-09T02:52:15.221306+00:00,2026-09-09T02:52:09.118038+00:00,atelier,smartmonitor/atelier/state,36,POWER_ON,-47,70212,53036,53236,24.18,1.28,5.98,0.0,OK
2026-09-09T02:53:15.232411+00:00,2026-09-09T02:53:09.633386+00:00,atelier,smartmonitor/atelier/state,36,POWER_ON,-49,69904,53036,53236,23.84,1.72,5.98,0.0,OK
2026-09-09T02:54:15.232061+00:00,2026-09-09T02:54:10.156523+00:00,atelier,smartmonitor/atelier/state,36,POWER_ON,-51,70212,53036,53236,24.18,1.28,5.98,0.0,OK
2026-09-09T02:55:15.218417+00:00,2026-09-09T02:55:10.676939+00:00,atelier,smartmonitor/atelier/state,36,POWER_ON,-52,70212,53036,53236,24.18,1.28,5.98,0.0,OK
2026-09-09T02:56:15.229451+00:00,2026-09-09T02:56:11.120093+00:00,atelier,smartmonitor/atelier/state,36,POWER_ON,-50,69892,53036,53236,23.83,1.73,5.98,0.0,OK
2026-09-09T02:57:15.221785+00:00,2026-09-09T02:57:11.609081+00:00,atelier,smartmonitor/atelier/state,36,POWER_ON,-48,70212,53036,53236,24.18,1.28,5.98,0.0,OK
2026-09-09T02:58:15.227529+00:00,2026-09-09T02:58:12.126975+00:00,atelier,smartmonitor/atelier/state,36,POWER_ON,-46,70212,53036,53236,24.18,1.28,5.98,0.0,OK
2026-09-09T02:59:15.223284+00:00,2026-09-09T02:59:12.639440+00:00,atelier,smartmonitor/atelier/state,36,POWER_ON,-41,69904,53036,53236,23.84,1.72,5.98,0.0,OK
2026-09-09T03:00:15.221566+00:00,2026-09-09T03:00:13.095187+00:00,atelier,smartmonitor/atelier/state,36,POWER_ON,-42,70212,53036,53236,24.18,1.28,5.98,0.0,OK
2026-09-09T03:01:15.233205+00:00,2026-09-09T03:01:13.586587+00:00,atelier,smartmonitor/atelier/state,36,POWER_ON,-44,70188,53036,53236,24.15,1.32,5.98,0.0,OK
2026-09-09T03:02:15.242949+00:00,2026-09-09T03:02:14.091290+00:00,atelier,smartmonitor/atelier/state,36,POWER_ON,-42,69904,53036,53236,23.84,1.72,5.98,0.0,OK
2026-09-09T03:03:15.238524+00:00,2026-09-09T03:03:14.615452+00:00,atelier,smartmonitor/atelier/state,36,POWER_ON,-42,70212,53036,53236,24.18,1.28,5.98,0.0,OK
2026-09-09T03:04:15.241446+00:00,2026-09-09T03:04:15.128060+00:00,atelier,smartmonitor/atelier/state,36,POWER_ON,-40,70212,53036,53236,24.18,1.28,5.98,0.0,OK
2026-09-09T03:05:15.241032+00:00,2026-09-09T03:05:03.470339+00:00,atelier,smartmonitor/atelier/state,36,POWER_ON,-40,70212,53036,53236,24.18,1.28,5.98,0.0,OK
2026-09-09T03:06:15.238356+00:00,2026-09-09T03:06:03.980271+00:00,atelier,smartmonitor/atelier/state,36,POWER_ON,-43,70212,53036,53236,24.18,1.28,5.98,0.0,OK
2026-09-09T03:07:15.236543+00:00,2026-09-09T03:07:04.494777+00:00,atelier,smartmonitor/atelier/state,36,POWER_ON,-40,69904,53036,53236,23.84,1.72,5.98,0.0,OK
2026-09-09T03:08:15.234242+00:00,2026-09-09T03:08:05.018161+00:00,atelier,smartmonitor/atelier/state,36,POWER_ON,-41,70212,53036,53236,24.18,1.28,5.98,0.0,OK
2026-09-09T03:09:15.249534+00:00,2026-09-09T03:09:05.452012+00:00,atelier,smartmonitor/atelier/state,36,POWER_ON,-46,70212,53036,53236,24.18,1.28,5.98,0.0,OK
2026-09-09T03:10:15.251672+00:00,2026-09-09T03:10:05.954908+00:00,atelier,smartmonitor/atelier/state,36,POWER_ON,-41,69904,53036,53236,23.84,1.72,5.98,0.0,OK
2026-09-09T03:11:15.251230+00:00,2026-09-09T03:11:06.469210+00:00,atelier,smartmonitor/atelier/state,36,POWER_ON,-44,70212,53036,53236,24.18,1.28,5.98,0.0,OK
2026-09-09T03:12:15.255272+00:00,2026-09-09T03:12:06.995570+00:00,atelier,smartmonitor/atelier/state,36,POWER_ON,-41,70212,53036,53236,24.18,1.28,5.98,0.0,OK
2026-09-09T03:13:15.256885+00:00,2026-09-09T03:13:07.500089+00:00,atelier,smartmonitor/atelier/state,36,POWER_ON,-43,69904,53036,53236,23.84,1.72,5.98,0.0,OK
2026-09-09T03:14:15.259726+00:00,2026-09-09T03:14:07.934238+00:00,atelier,smartmonitor/atelier/state,36,POWER_ON,-41,70212,53036,53236,24.18,1.28,5.98,0.0,OK
2026-09-09T03:15:15.254927+00:00,2026-09-09T03:15:08.440462+00:00,atelier,smartmonitor/atelier/state,36,POWER_ON,-43,70212,53036,53236,24.18,1.28,5.98,0.0,OK
2026-09-09T03:16:15.250231+00:00,2026-09-09T03:16:08.957099+00:00,atelier,smartmonitor/atelier/state,36,POWER_ON,-43,69872,53036,53236,23.81,1.76,5.98,0.0,OK
2026-09-09T03:17:15.263388+00:00,2026-09-09T03:17:09.476543+00:00,atelier,smartmonitor/atelier/state,36,POWER_ON,-42,70212,53036,53236,24.18,1.28,5.98,0.0,OK
2026-09-09T03:18:15.258820+00:00,2026-09-09T03:18:09.931253+00:00,atelier,smartmonitor/atelier/state,36,POWER_ON,-42,70212,53036,53236,24.18,1.28,5.98,0.0,OK
2026-09-09T03:19:15.252422+00:00,2026-09-09T03:19:10.422400+00:00,atelier,smartmonitor/atelier/state,36,POWER_ON,-38,69904,53036,53236,23.84,1.72,5.98,0.0,OK
2026-09-09T03:20:15.250042+00:00,2026-09-09T03:20:10.935446+00:00,atelier,smartmonitor/atelier/state,36,POWER_ON,-40,70212,53036,53236,24.18,1.28,5.98,0.0,OK
2026-09-09T03:21:15.263745+00:00,2026-09-09T03:21:11.446943+00:00,atelier,smartmonitor/atelier/state,36,POWER_ON,-45,70212,53036,53236,24.18,1.28,5.98,0.0,OK
2026-09-09T03:22:15.257146+00:00,2026-09-09T03:22:11.975475+00:00,atelier,smartmonitor/atelier/state,36,POWER_ON,-45,69904,53036,53236,23.84,1.72,5.98,0.0,OK
2026-09-09T03:23:15.256560+00:00,2026-09-09T03:23:12.486801+00:00,atelier,smartmonitor/atelier/state,36,POWER_ON,-42,70212,53036,53236,24.18,1.28,5.98,0.0,OK
2026-09-09T03:24:15.253695+00:00,2026-09-09T03:24:12.916267+00:00,atelier,smartmonitor/atelier/state,36,POWER_ON,-46,70212,53036,53236,24.18,1.28,5.98,0.0,OK
2026-09-09T03:25:15.256136+00:00,2026-09-09T03:25:13.426285+00:00,atelier,smartmonitor/atelier/state,36,POWER_ON,-40,69904,53036,53236,23.84,1.72,5.98,0.0,OK
2026-09-09T03:26:15.249461+00:00,2026-09-09T03:26:13.938526+00:00,atelier,smartmonitor/atelier/state,36,POWER_ON,-42,70212,53036,53236,24.18,1.28,5.98,0.0,OK
2026-09-09T03:27:15.259701+00:00,2026-09-09T03:27:14.462978+00:00,atelier,smartmonitor/atelier/state,36,POWER_ON,-41,70212,53036,53236,24.18,1.28,5.98,0.0,OK
2026-09-09T03:28:15.262530+00:00,2026-09-09T03:28:14.972683+00:00,atelier,smartmonitor/atelier/state,36,POWER_ON,-39,69892,53036,53236,23.83,1.73,5.98,0.0,OK
2026-09-09T03:29:15.253923+00:00,2026-09-09T03:29:03.308659+00:00,atelier,smartmonitor/atelier/state,36,POWER_ON,-43,70212,53036,53236,24.18,1.28,5.98,0.0,OK
2026-09-09T03:30:15.264830+00:00,2026-09-09T03:30:03.826805+00:00,atelier,smartmonitor/atelier/state,36,POWER_ON,-43,69904,53036,53236,23.84,1.72,5.98,0.0,OK
2026-09-09T03:31:15.273835+00:00,2026-09-09T03:31:04.339914+00:00,atelier,smartmonitor/atelier/state,36,POWER_ON,-46,70212,53036,53236,24.18,1.28,5.98,0.0,OK
2026-09-09T03:32:15.268301+00:00,2026-09-09T03:32:04.863165+00:00,atelier,smartmonitor/atelier/state,36,POWER_ON,-41,70212,53036,53236,24.18,1.28,5.98,0.0,OK
2026-09-09T03:33:15.274876+00:00,2026-09-09T03:33:05.371475+00:00,atelier,smartmonitor/atelier/state,36,POWER_ON,-43,69904,53036,53236,23.84,1.72,5.98,0.0,OK
2026-09-09T03:34:15.270998+00:00,2026-09-09T03:34:05.817523+00:00,atelier,smartmonitor/atelier/state,36,POWER_ON,-49,70212,53036,53236,24.18,1.28,5.98,0.0,OK
2026-09-09T03:35:15.271413+00:00,2026-09-09T03:35:06.321440+00:00,atelier,smartmonitor/atelier/state,36,POWER_ON,-42,70212,53036,53236,24.18,1.28,5.98,0.0,OK
2026-09-09T03:36:15.265614+00:00,2026-09-09T03:36:06.832541+00:00,atelier,smartmonitor/atelier/state,36,POWER_ON,-45,69904,53036,53236,23.84,1.72,5.98,0.0,OK
2026-09-09T03:37:15.277304+00:00,2026-09-09T03:37:07.359808+00:00,atelier,smartmonitor/atelier/state,36,POWER_ON,-43,70212,53036,53236,24.18,1.28,5.98,0.0,OK
2026-09-09T03:38:15.272083+00:00,2026-09-09T03:38:07.805021+00:00,atelier,smartmonitor/atelier/state,36,POWER_ON,-44,70212,53036,53236,24.18,1.28,5.98,0.0,OK
2026-09-09T03:39:15.266807+00:00,2026-09-09T03:39:08.292410+00:00,atelier,smartmonitor/atelier/state,36,POWER_ON,-42,69904,53036,53236,23.84,1.72,5.98,0.0,OK
2026-09-09T03:40:15.265994+00:00,2026-09-09T03:40:08.807532+00:00,atelier,smartmonitor/atelier/state,36,POWER_ON,-45,70212,53036,53236,24.18,1.28,5.98,0.0,OK
2026-09-09T03:41:15.278117+00:00,2026-09-09T03:41:09.331607+00:00,atelier,smartmonitor/atelier/state,36,POWER_ON,-40,70212,53036,53236,24.18,1.28,5.98,0.0,OK
2026-09-09T03:42:15.271404+00:00,2026-09-09T03:42:09.774997+00:00,atelier,smartmonitor/atelier/state,36,POWER_ON,-43,69904,53036,53236,23.84,1.72,5.98,0.0,OK
2026-09-09T03:43:15.264959+00:00,2026-09-09T03:43:10.257391+00:00,atelier,smartmonitor/atelier/state,36,POWER_ON,-40,70212,53036,53236,24.18,1.28,5.98,0.0,OK
2026-09-09T03:44:15.279743+00:00,2026-09-09T03:44:10.774226+00:00,atelier,smartmonitor/atelier/state,36,POWER_ON,-41,70212,53036,53236,24.18,1.28,5.98,0.0,OK
2026-09-09T03:45:15.272021+00:00,2026-09-09T03:45:11.302368+00:00,atelier,smartmonitor/atelier/state,36,POWER_ON,-43,69904,53036,53236,23.84,1.72,5.98,0.0,OK
2026-09-09T03:46:15.264358+00:00,2026-09-09T03:46:11.741773+00:00,atelier,smartmonitor/atelier/state,36,POWER_ON,-43,70212,53036,53236,24.18,1.28,5.98,0.0,OK
2026-09-09T03:47:15.277564+00:00,2026-09-09T03:47:12.251825+00:00,atelier,smartmonitor/atelier/state,36,POWER_ON,-41,70212,53036,53236,24.18,1.28,5.98,0.0,OK
2026-09-09T03:48:15.273715+00:00,2026-09-09T03:48:12.750429+00:00,atelier,smartmonitor/atelier/state,36,POWER_ON,-44,69904,53036,53236,23.84,1.72,5.98,0.0,OK
2026-09-09T03:49:15.272694+00:00,2026-09-09T03:49:13.264282+00:00,atelier,smartmonitor/atelier/state,36,POWER_ON,-40,70212,53036,53236,24.18,1.28,5.98,0.0,OK
2026-09-09T03:50:15.278113+00:00,2026-09-09T03:50:13.782995+00:00,atelier,smartmonitor/atelier/state,36,POWER_ON,-39,70212,53036,53236,24.18,1.28,5.98,0.0,OK
2026-09-09T03:51:15.266033+00:00,2026-09-09T03:51:14.230636+00:00,atelier,smartmonitor/atelier/state,36,POWER_ON,-46,69904,53036,53236,23.84,1.72,5.98,0.0,OK
2026-09-09T03:52:15.278175+00:00,2026-09-09T03:52:14.730605+00:00,atelier,smartmonitor/atelier/state,36,POWER_ON,-39,70212,53036,53236,24.18,1.28,5.98,0.0,OK
2026-09-09T03:53:15.266678+00:00,2026-09-09T03:53:15.229387+00:00,atelier,smartmonitor/atelier/state,36,POWER_ON,-41,70212,53036,53236,24.18,1.28,5.98,0.0,OK
2026-09-09T03:54:15.268415+00:00,2026-09-09T03:54:03.667801+00:00,atelier,smartmonitor/atelier/state,36,POWER_ON,-44,70212,53036,53236,24.18,1.28,5.98,0.0,OK
2026-09-09T03:55:15.264745+00:00,2026-09-09T03:55:04.187671+00:00,atelier,smartmonitor/atelier/state,36,POWER_ON,-39,70212,53036,53236,24.18,1.28,5.98,0.0,OK
2026-09-09T03:56:15.278537+00:00,2026-09-09T03:56:04.630448+00:00,atelier,smartmonitor/atelier/state,36,POWER_ON,-44,69892,53036,53236,23.83,1.73,5.98,0.0,OK
2026-09-09T03:57:15.265056+00:00,2026-09-09T03:57:05.118747+00:00,atelier,smartmonitor/atelier/state,36,POWER_ON,-48,70212,53036,53236,24.18,1.28,5.98,0.0,OK
2026-09-09T03:58:15.272157+00:00,2026-09-09T03:58:05.648615+00:00,atelier,smartmonitor/atelier/state,36,POWER_ON,-51,70212,53036,53236,24.18,1.28,5.98,0.0,OK
2026-09-09T03:59:15.267023+00:00,2026-09-09T03:59:06.164106+00:00,atelier,smartmonitor/atelier/state,36,POWER_ON,-54,69904,53036,53236,23.84,1.72,5.98,0.0,OK
2026-09-09T04:00:15.267472+00:00,2026-09-09T04:00:06.671713+00:00,atelier,smartmonitor/atelier/state,36,POWER_ON,-46,70212,53036,53236,24.18,1.28,5.98,0.0,OK
2026-09-09T04:01:15.278890+00:00,2026-09-09T04:01:07.112337+00:00,atelier,smartmonitor/atelier/state,36,POWER_ON,-50,70212,53036,53236,24.18,1.28,5.98,0.0,OK
2026-09-09T04:02:15.274972+00:00,2026-09-09T04:02:07.619755+00:00,atelier,smartmonitor/atelier/state,36,POWER_ON,-47,69904,53036,53236,23.84,1.72,5.98,0.0,OK
2026-09-09T04:03:15.273240+00:00,2026-09-09T04:03:08.133768+00:00,atelier,smartmonitor/atelier/state,36,POWER_ON,-50,70212,53036,53236,24.18,1.28,5.98,0.0,OK
2026-09-09T04:04:15.266522+00:00,2026-09-09T04:04:08.653223+00:00,atelier,smartmonitor/atelier/state,36,POWER_ON,-50,70188,53036,53236,24.15,1.32,5.98,0.0,OK
2026-09-09T04:05:15.267721+00:00,2026-09-09T04:05:09.097623+00:00,atelier,smartmonitor/atelier/state,36,POWER_ON,-49,69892,53036,53236,23.83,1.73,5.98,0.0,OK
2026-09-09T04:06:15.264859+00:00,2026-09-09T04:06:09.596167+00:00,atelier,smartmonitor/atelier/state,36,POWER_ON,-50,70212,53036,53236,24.18,1.28,5.98,0.0,OK
2026-09-09T04:07:15.265246+00:00,2026-09-09T04:07:10.106323+00:00,atelier,smartmonitor/atelier/state,36,POWER_ON,-48,70212,53036,53236,24.18,1.28,5.98,0.0,OK
2026-09-09T04:08:15.264817+00:00,2026-09-09T04:08:10.620228+00:00,atelier,smartmonitor/atelier/state,36,POWER_ON,-49,69904,53036,53236,23.84,1.72,5.98,0.0,OK
2026-09-09T04:09:15.278231+00:00,2026-09-09T04:09:11.134705+00:00,atelier,smartmonitor/atelier/state,36,POWER_ON,-48,70212,53036,53236,24.18,1.28,5.98,0.0,OK
2026-09-09T04:10:15.275811+00:00,2026-09-09T04:10:11.655087+00:00,atelier,smartmonitor/atelier/state,36,POWER_ON,-49,70212,53036,53236,24.18,1.28,5.98,0.0,OK
2026-09-09T04:11:15.274414+00:00,2026-09-09T04:11:12.173163+00:00,atelier,smartmonitor/atelier/state,36,POWER_ON,-48,69904,53036,53236,23.84,1.72,5.98,0.0,OK
2026-09-09T04:12:15.270365+00:00,2026-09-09T04:12:12.609019+00:00,atelier,smartmonitor/atelier/state,36,POWER_ON,-52,70212,53036,53236,24.18,1.28,5.98,0.0,OK
2026-09-09T04:13:15.268585+00:00,2026-09-09T04:13:13.114509+00:00,atelier,smartmonitor/atelier/state,36,POWER_ON,-46,70212,53036,53236,24.18,1.28,5.98,0.0,OK
2026-09-09T04:14:15.265912+00:00,2026-09-09T04:14:13.631023+00:00,atelier,smartmonitor/atelier/state,36,POWER_ON,-48,69904,53036,53236,23.84,1.72,5.98,0.0,OK
2026-09-09T04:15:15.278231+00:00,2026-09-09T04:15:14.139836+00:00,atelier,smartmonitor/atelier/state,36,POWER_ON,-51,70212,53036,53236,24.18,1.28,5.98,0.0,OK
2026-09-09T04:16:15.265133+00:00,2026-09-09T04:16:14.666437+00:00,atelier,smartmonitor/atelier/state,36,POWER_ON,-50,70212,53036,53236,24.18,1.28,5.98,0.0,OK
2026-09-09T04:17:15.283236+00:00,2026-09-09T04:17:15.115105+00:00,atelier,smartmonitor/atelier/state,36,POWER_ON,-49,69892,53036,53236,23.83,1.73,5.98,0.0,OK
2026-09-09T04:18:15.284345+00:00,2026-09-09T04:18:03.521466+00:00,atelier,smartmonitor/atelier/state,36,POWER_ON,-53,70212,53036,53236,24.18,1.28,5.98,0.0,OK
2026-09-09T04:19:15.287851+00:00,2026-09-09T04:19:04.038798+00:00,atelier,smartmonitor/atelier/state,36,POWER_ON,-49,69904,53036,53236,23.84,1.72,5.98,0.0,OK
2026-09-09T04:20:15.288516+00:00,2026-09-09T04:20:04.553548+00:00,atelier,smartmonitor/atelier/state,36,POWER_ON,-50,70212,53036,53236,24.18,1.28,5.98,0.0,OK
2026-09-09T04:21:15.291502+00:00,2026-09-09T04:21:05.001988+00:00,atelier,smartmonitor/atelier/state,36,POWER_ON,-48,70212,53036,53236,24.18,1.28,5.98,0.0,OK
2026-09-09T04:22:15.284320+00:00,2026-09-09T04:22:05.512053+00:00,atelier,smartmonitor/atelier/state,36,POWER_ON,-49,69892,53036,53236,23.83,1.73,5.98,0.0,OK
2026-09-09T04:23:15.293014+00:00,2026-09-09T04:23:06.010972+00:00,atelier,smartmonitor/atelier/state,36,POWER_ON,-48,70212,53036,53236,24.18,1.28,5.98,0.0,OK
2026-09-09T04:24:15.290675+00:00,2026-09-09T04:24:06.522846+00:00,atelier,smartmonitor/atelier/state,36,POWER_ON,-51,70212,53036,53236,24.18,1.28,5.98,0.0,OK
2026-09-09T04:25:15.292934+00:00,2026-09-09T04:25:07.040886+00:00,atelier,smartmonitor/atelier/state,36,POWER_ON,-48,69904,53036,53236,23.84,1.72,5.98,0.0,OK
2026-09-09T04:26:15.292996+00:00,2026-09-09T04:26:07.559207+00:00,atelier,smartmonitor/atelier/state,36,POWER_ON,-47,70212,53036,53236,24.18,1.28,5.98,0.0,OK
2026-09-09T04:27:15.295286+00:00,2026-09-09T04:27:08.075208+00:00,atelier,smartmonitor/atelier/state,36,POWER_ON,-50,70212,53036,53236,24.18,1.28,5.98,0.0,OK
2026-09-09T04:28:15.292513+00:00,2026-09-09T04:28:08.589117+00:00,atelier,smartmonitor/atelier/state,36,POWER_ON,-48,69904,53036,53236,23.84,1.72,5.98,0.0,OK
2026-09-09T04:29:15.295656+00:00,2026-09-09T04:29:09.023388+00:00,atelier,smartmonitor/atelier/state,36,POWER_ON,-48,70212,53036,53236,24.18,1.28,5.98,0.0,OK
2026-09-09T04:30:15.298473+00:00,2026-09-09T04:30:09.537127+00:00,atelier,smartmonitor/atelier/state,36,POWER_ON,-47,70212,53036,53236,24.18,1.28,5.98,0.0,OK
2026-09-09T04:31:15.308069+00:00,2026-09-09T04:31:10.049594+00:00,atelier,smartmonitor/atelier/state,36,POWER_ON,-50,69904,53036,53236,23.84,1.72,5.98,0.0,OK
2026-09-09T04:32:15.308696+00:00,2026-09-09T04:32:10.557436+00:00,atelier,smartmonitor/atelier/state,36,POWER_ON,-48,70212,53036,53236,24.18,1.28,5.98,0.0,OK
2026-09-09T04:33:15.310999+00:00,2026-09-09T04:33:11.022051+00:00,atelier,smartmonitor/atelier/state,36,POWER_ON,-52,70212,53036,53236,24.18,1.28,5.98,0.0,OK
2026-09-09T04:34:15.298887+00:00,2026-09-09T04:34:11.517563+00:00,atelier,smartmonitor/atelier/state,36,POWER_ON,-50,69904,53036,53236,23.84,1.72,5.98,0.0,OK
2026-09-09T04:35:15.296197+00:00,2026-09-09T04:35:12.014141+00:00,atelier,smartmonitor/atelier/state,36,POWER_ON,-50,70212,53036,53236,24.18,1.28,5.98,0.0,OK
2026-09-09T04:36:15.298233+00:00,2026-09-09T04:36:12.537280+00:00,atelier,smartmonitor/atelier/state,36,POWER_ON,-41,70212,53036,53236,24.18,1.28,5.98,0.0,OK
2026-09-09T04:37:15.311663+00:00,2026-09-09T04:37:13.053717+00:00,atelier,smartmonitor/atelier/state,36,POWER_ON,-43,69900,53036,53236,23.84,1.72,5.98,0.0,OK
2026-09-09T04:38:15.318331+00:00,2026-09-09T04:38:13.579686+00:00,atelier,smartmonitor/atelier/state,36,POWER_ON,-44,70212,53036,53236,24.18,1.28,5.98,0.0,OK
2026-09-09T04:39:15.312554+00:00,2026-09-09T04:39:14.103364+00:00,atelier,smartmonitor/atelier/state,36,POWER_ON,-43,70212,53036,53236,24.18,1.28,5.98,0.0,OK
2026-09-09T04:40:15.324933+00:00,2026-09-09T04:40:14.525010+00:00,atelier,smartmonitor/atelier/state,36,POWER_ON,-40,69892,53036,53236,23.83,1.73,5.98,0.0,OK
2026-09-09T04:41:15.320634+00:00,2026-09-09T04:41:15.027593+00:00,atelier,smartmonitor/atelier/state,36,POWER_ON,-43,70212,53036,53236,24.18,1.28,5.98,0.0,OK
2026-09-09T04:42:15.319738+00:00,2026-09-09T04:42:03.463962+00:00,atelier,smartmonitor/atelier/state,36,POWER_ON,-42,69892,53036,53236,23.83,1.73,5.98,0.0,OK
2026-09-09T04:43:15.317495+00:00,2026-09-09T04:43:03.989849+00:00,atelier,smartmonitor/atelier/state,36,POWER_ON,-40,70212,53036,53236,24.18,1.28,5.98,0.0,OK
2026-09-09T04:44:15.318476+00:00,2026-09-09T04:44:04.404354+00:00,atelier,smartmonitor/atelier/state,36,POWER_ON,-45,70212,53036,53236,24.18,1.28,5.98,0.0,OK
2026-09-09T04:45:15.320123+00:00,2026-09-09T04:45:04.918003+00:00,atelier,smartmonitor/atelier/state,36,POWER_ON,-46,69904,53036,53236,23.84,1.72,5.98,0.0,OK
2026-09-09T04:46:15.321742+00:00,2026-09-09T04:46:05.431043+00:00,atelier,smartmonitor/atelier/state,36,POWER_ON,-45,70212,53036,53236,24.18,1.28,5.98,0.0,OK
2026-09-09T04:47:15.318026+00:00,2026-09-09T04:47:05.956730+00:00,atelier,smartmonitor/atelier/state,36,POWER_ON,-40,70212,53036,53236,24.18,1.28,5.98,0.0,OK
2026-09-09T04:48:15.313782+00:00,2026-09-09T04:48:06.467798+00:00,atelier,smartmonitor/atelier/state,36,POWER_ON,-43,69892,53036,53236,23.83,1.73,5.98,0.0,OK
2026-09-09T04:49:15.320675+00:00,2026-09-09T04:49:06.907959+00:00,atelier,smartmonitor/atelier/state,36,POWER_ON,-42,70212,53036,53236,24.18,1.28,5.98,0.0,OK
2026-09-09T04:50:15.320740+00:00,2026-09-09T04:50:07.406996+00:00,atelier,smartmonitor/atelier/state,36,POWER_ON,-41,70212,53036,53236,24.18,1.28,5.98,0.0,OK
2026-09-09T04:51:15.321724+00:00,2026-09-09T04:51:07.927168+00:00,atelier,smartmonitor/atelier/state,36,POWER_ON,-43,69904,53036,53236,23.84,1.72,5.98,0.0,OK
2026-09-09T04:52:15.320375+00:00,2026-09-09T04:52:08.443624+00:00,atelier,smartmonitor/atelier/state,36,POWER_ON,-45,70212,53036,53236,24.18,1.28,5.98,0.0,OK
2026-09-09T04:53:15.315800+00:00,2026-09-09T04:53:08.955872+00:00,atelier,smartmonitor/atelier/state,36,POWER_ON,-47,70212,53036,53236,24.18,1.28,5.98,0.0,OK
2026-09-09T04:54:15.316976+00:00,2026-09-09T04:54:09.469411+00:00,atelier,smartmonitor/atelier/state,36,POWER_ON,-44,69892,53036,53236,23.83,1.73,5.98,0.0,OK
2026-09-09T04:55:15.316208+00:00,2026-09-09T04:55:09.920546+00:00,atelier,smartmonitor/atelier/state,36,POWER_ON,-48,70212,53036,53236,24.18,1.28,5.98,0.0,OK
2026-09-09T04:56:15.313363+00:00,2026-09-09T04:56:10.410530+00:00,atelier,smartmonitor/atelier/state,36,POWER_ON,-49,70212,53036,53236,24.18,1.28,5.98,0.0,OK
2026-09-09T04:57:15.323255+00:00,2026-09-09T04:57:10.925896+00:00,atelier,smartmonitor/atelier/state,36,POWER_ON,-47,69904,53036,53236,23.84,1.72,5.98,0.0,OK
2026-09-09T04:58:15.322485+00:00,2026-09-09T04:58:11.462597+00:00,atelier,smartmonitor/atelier/state,36,POWER_ON,-48,70212,53036,53236,24.18,1.28,5.98,0.0,OK
2026-09-09T04:59:15.319918+00:00,2026-09-09T04:59:11.967985+00:00,atelier,smartmonitor/atelier/state,36,POWER_ON,-47,70212,53036,53236,24.18,1.28,5.98,0.0,OK
2026-09-09T05:00:15.317321+00:00,2026-09-09T05:00:12.410627+00:00,atelier,smartmonitor/atelier/state,36,POWER_ON,-47,69904,53036,53236,23.84,1.72,5.98,0.0,OK
2026-09-09T05:01:15.314945+00:00,2026-09-09T05:01:12.916906+00:00,atelier,smartmonitor/atelier/state,36,POWER_ON,-49,70212,53036,53236,24.18,1.28,5.98,0.0,OK
2026-09-09T05:02:15.319827+00:00,2026-09-09T05:02:13.417937+00:00,atelier,smartmonitor/atelier/state,36,POWER_ON,-44,70212,53036,53236,24.18,1.28,5.98,0.0,OK
2026-09-09T05:03:15.323505+00:00,2026-09-09T05:03:13.937560+00:00,atelier,smartmonitor/atelier/state,36,POWER_ON,-46,69892,53036,53236,23.83,1.73,5.98,0.0,OK
2026-09-09T05:04:15.321147+00:00,2026-09-09T05:04:14.449273+00:00,atelier,smartmonitor/atelier/state,36,POWER_ON,-48,70212,53036,53236,24.18,1.28,5.98,0.0,OK
2026-09-09T05:05:15.324108+00:00,2026-09-09T05:05:14.901930+00:00,atelier,smartmonitor/atelier/state,36,POWER_ON,-48,70212,53036,53236,24.18,1.28,5.98,0.0,OK
2026-09-09T05:06:15.322389+00:00,2026-09-09T05:06:03.304031+00:00,atelier,smartmonitor/atelier/state,36,POWER_ON,-51,70212,53036,53236,24.18,1.28,5.98,0.0,OK
2026-09-09T05:07:15.315830+00:00,2026-09-09T05:07:03.826196+00:00,atelier,smartmonitor/atelier/state,36,POWER_ON,-49,70212,53036,53236,24.18,1.28,5.98,0.0,OK
2026-09-09T05:08:15.314974+00:00,2026-09-09T05:08:04.354737+00:00,atelier,smartmonitor/atelier/state,36,POWER_ON,-53,69904,53036,53236,23.84,1.72,5.98,0.0,OK
2026-09-09T05:09:15.312416+00:00,2026-09-09T05:09:04.871679+00:00,atelier,smartmonitor/atelier/state,36,POWER_ON,-50,70212,53036,53236,24.18,1.28,5.98,0.0,OK
2026-09-09T05:10:15.319524+00:00,2026-09-09T05:10:05.307013+00:00,atelier,smartmonitor/atelier/state,36,POWER_ON,-46,70212,53036,53236,24.18,1.28,5.98,0.0,OK
2026-09-09T05:11:15.313953+00:00,2026-09-09T05:11:05.804480+00:00,atelier,smartmonitor/atelier/state,36,POWER_ON,-50,69904,53036,53236,23.84,1.72,5.98,0.0,OK
2026-09-09T05:12:15.316490+00:00,2026-09-09T05:12:06.319324+00:00,atelier,smartmonitor/atelier/state,36,POWER_ON,-46,70212,53036,53236,24.18,1.28,5.98,0.0,OK
2026-09-09T05:13:15.313761+00:00,2026-09-09T05:13:06.843269+00:00,atelier,smartmonitor/atelier/state,36,POWER_ON,-49,70212,53036,53236,24.18,1.28,5.98,0.0,OK
2026-09-09T05:14:15.321117+00:00,2026-09-09T05:14:07.361851+00:00,atelier,smartmonitor/atelier/state,36,POWER_ON,-52,69904,53036,53236,23.84,1.72,5.98,0.0,OK
2026-09-09T05:15:15.324764+00:00,2026-09-09T05:15:07.790091+00:00,atelier,smartmonitor/atelier/state,36,POWER_ON,-42,70212,53036,53236,24.18,1.28,5.98,0.0,OK
2026-09-09T05:16:15.313507+00:00,2026-09-09T05:16:08.290421+00:00,atelier,smartmonitor/atelier/state,36,POWER_ON,-44,70212,53036,53236,24.18,1.28,5.98,0.0,OK
2026-09-09T05:17:15.322101+00:00,2026-09-09T05:17:08.827221+00:00,atelier,smartmonitor/atelier/state,36,POWER_ON,-44,69904,53036,53236,23.84,1.72,5.98,0.0,OK
2026-09-09T05:18:15.319333+00:00,2026-09-09T05:18:09.332430+00:00,atelier,smartmonitor/atelier/state,36,POWER_ON,-41,70212,53036,53236,24.18,1.28,5.98,0.0,OK
2026-09-09T05:19:15.318831+00:00,2026-09-09T05:19:09.773972+00:00,atelier,smartmonitor/atelier/state,36,POWER_ON,-44,70212,53036,53236,24.18,1.28,5.98,0.0,OK
2026-09-09T05:20:15.317701+00:00,2026-09-09T05:20:10.270589+00:00,atelier,smartmonitor/atelier/state,36,POWER_ON,-39,69876,53036,53236,23.81,1.75,5.98,0.0,OK
2026-09-09T05:21:15.319689+00:00,2026-09-09T05:21:10.782746+00:00,atelier,smartmonitor/atelier/state,36,POWER_ON,-40,70212,53036,53236,24.18,1.28,5.98,0.0,OK
2026-09-09T05:22:15.314505+00:00,2026-09-09T05:22:11.297837+00:00,atelier,smartmonitor/atelier/state,36,POWER_ON,-43,70212,53036,53236,24.18,1.28,5.98,0.0,OK
2026-09-09T05:23:15.316053+00:00,2026-09-09T05:23:11.816649+00:00,atelier,smartmonitor/atelier/state,36,POWER_ON,-41,69892,53036,53236,23.83,1.73,5.98,0.0,OK
2026-09-09T05:24:15.315592+00:00,2026-09-09T05:24:12.331638+00:00,atelier,smartmonitor/atelier/state,36,POWER_ON,-41,70212,53036,53236,24.18,1.28,5.98,0.0,OK
2026-09-09T05:25:15.323381+00:00,2026-09-09T05:25:12.845936+00:00,atelier,smartmonitor/atelier/state,36,POWER_ON,-44,70212,53036,53236,24.18,1.28,5.98,0.0,OK
2026-09-09T05:26:15.321942+00:00,2026-09-09T05:26:13.300045+00:00,atelier,smartmonitor/atelier/state,36,POWER_ON,-45,69892,53036,53236,23.83,1.73,5.98,0.0,OK
2026-09-09T05:27:15.321845+00:00,2026-09-09T05:27:13.803655+00:00,atelier,smartmonitor/atelier/state,36,POWER_ON,-39,70212,53036,53236,24.18,1.28,5.98,0.0,OK
2026-09-09T05:28:15.316954+00:00,2026-09-09T05:28:14.311668+00:00,atelier,smartmonitor/atelier/state,36,POWER_ON,-39,70212,53036,53236,24.18,1.28,5.98,0.0,OK
2026-09-09T05:29:15.312757+00:00,2026-09-09T05:29:14.818778+00:00,atelier,smartmonitor/atelier/state,36,POWER_ON,-44,69904,53036,53236,23.84,1.72,5.98,0.0,OK
2026-09-09T05:30:15.313237+00:00,2026-09-09T05:30:03.249978+00:00,atelier,smartmonitor/atelier/state,36,POWER_ON,-43,70212,53036,53236,24.18,1.28,5.98,0.0,OK
2026-09-09T05:31:15.323457+00:00,2026-09-09T05:31:03.709965+00:00,atelier,smartmonitor/atelier/state,36,POWER_ON,-41,69892,53036,53236,23.83,1.73,5.98,0.0,OK
2026-09-09T05:32:15.318174+00:00,2026-09-09T05:32:04.206197+00:00,atelier,smartmonitor/atelier/state,36,POWER_ON,-49,70212,53036,53236,24.18,1.28,5.98,0.0,OK
2026-09-09T05:33:15.320919+00:00,2026-09-09T05:33:04.717141+00:00,atelier,smartmonitor/atelier/state,36,POWER_ON,-47,70212,53036,53236,24.18,1.28,5.98,0.0,OK
2026-09-09T05:34:15.319876+00:00,2026-09-09T05:34:05.223839+00:00,atelier,smartmonitor/atelier/state,36,POWER_ON,-47,69904,53036,53236,23.84,1.72,5.98,0.0,OK
2026-09-09T05:35:15.314604+00:00,2026-09-09T05:35:05.755233+00:00,atelier,smartmonitor/atelier/state,36,POWER_ON,-48,70212,53036,53236,24.18,1.28,5.98,0.0,OK
2026-09-09T05:36:15.317257+00:00,2026-09-09T05:36:06.269741+00:00,atelier,smartmonitor/atelier/state,36,POWER_ON,-51,70212,53036,53236,24.18,1.28,5.98,0.0,OK
2026-09-09T05:37:15.325629+00:00,2026-09-09T05:37:06.705768+00:00,atelier,smartmonitor/atelier/state,36,POWER_ON,-49,69892,53036,53236,23.83,1.73,5.98,0.0,OK
2026-09-09T05:38:15.323809+00:00,2026-09-09T05:38:07.199911+00:00,atelier,smartmonitor/atelier/state,36,POWER_ON,-47,70212,53036,53236,24.18,1.28,5.98,0.0,OK
2026-09-09T05:39:15.325345+00:00,2026-09-09T05:39:07.719735+00:00,atelier,smartmonitor/atelier/state,36,POWER_ON,-47,70212,53036,53236,24.18,1.28,5.98,0.0,OK
2026-09-09T05:40:15.321912+00:00,2026-09-09T05:40:08.240006+00:00,atelier,smartmonitor/atelier/state,36,POWER_ON,-46,69892,53036,53236,23.83,1.73,5.98,0.0,OK
2026-09-09T05:41:15.316480+00:00,2026-09-09T05:41:08.760599+00:00,atelier,smartmonitor/atelier/state,36,POWER_ON,-46,70212,53036,53236,24.18,1.28,5.98,0.0,OK
2026-09-09T05:42:15.314083+00:00,2026-09-09T05:42:09.172668+00:00,atelier,smartmonitor/atelier/state,36,POWER_ON,-45,70212,53036,53236,24.18,1.28,5.98,0.0,OK
2026-09-09T05:43:15.312019+00:00,2026-09-09T05:43:09.679992+00:00,atelier,smartmonitor/atelier/state,36,POWER_ON,-50,69904,53036,53236,23.84,1.72,5.98,0.0,OK
2026-09-09T05:44:15.326679+00:00,2026-09-09T05:44:10.209170+00:00,atelier,smartmonitor/atelier/state,36,POWER_ON,-45,70212,53036,53236,24.18,1.28,5.98,0.0,OK
2026-09-09T05:45:15.327489+00:00,2026-09-09T05:45:10.740045+00:00,atelier,smartmonitor/atelier/state,36,POWER_ON,-48,70212,53036,53236,24.18,1.28,5.98,0.0,OK
2026-09-09T05:46:15.335523+00:00,2026-09-09T05:46:11.164851+00:00,atelier,smartmonitor/atelier/state,36,POWER_ON,-51,69892,53036,53236,23.83,1.73,5.98,0.0,OK
2026-09-09T05:47:15.332264+00:00,2026-09-09T05:47:11.679851+00:00,atelier,smartmonitor/atelier/state,36,POWER_ON,-49,70212,53036,53236,24.18,1.28,5.98,0.0,OK
2026-09-09T05:48:15.332701+00:00,2026-09-09T05:48:12.175519+00:00,atelier,smartmonitor/atelier/state,36,POWER_ON,-51,70212,53036,53236,24.18,1.28,5.98,0.0,OK
2026-09-09T05:49:15.333672+00:00,2026-09-09T05:49:12.697542+00:00,atelier,smartmonitor/atelier/state,36,POWER_ON,-52,69904,53036,53236,23.84,1.72,5.98,0.0,OK
2026-09-09T05:50:15.339828+00:00,2026-09-09T05:50:13.215497+00:00,atelier,smartmonitor/atelier/state,36,POWER_ON,-44,70212,53036,53236,24.18,1.28,5.98,0.0,OK
2026-09-09T05:51:15.338455+00:00,2026-09-09T05:51:13.659909+00:00,atelier,smartmonitor/atelier/state,36,POWER_ON,-51,70212,53036,53236,24.18,1.28,5.98,0.0,OK
2026-09-09T05:52:15.330175+00:00,2026-09-09T05:52:14.160103+00:00,atelier,smartmonitor/atelier/state,36,POWER_ON,-50,69904,53036,53236,23.84,1.72,5.98,0.0,OK
2026-09-09T05:53:15.341895+00:00,2026-09-09T05:53:14.668170+00:00,atelier,smartmonitor/atelier/state,36,POWER_ON,-50,70212,53036,53236,24.18,1.28,5.98,0.0,OK
2026-09-09T05:54:15.339701+00:00,2026-09-09T05:54:15.190184+00:00,atelier,smartmonitor/atelier/state,36,POWER_ON,-47,70212,53036,53236,24.18,1.28,5.98,0.0,OK
2026-09-09T05:55:15.342787+00:00,2026-09-09T05:55:03.552051+00:00,atelier,smartmonitor/atelier/state,36,POWER_ON,-50,70212,53036,53236,24.18,1.28,5.98,0.0,OK
2026-09-09T05:56:15.346747+00:00,2026-09-09T05:56:04.051969+00:00,atelier,smartmonitor/atelier/state,36,POWER_ON,-52,70212,53036,53236,24.18,1.28,5.98,0.0,OK
2026-09-09T05:57:15.357186+00:00,2026-09-09T05:57:04.553324+00:00,atelier,smartmonitor/atelier/state,36,POWER_ON,-47,69904,53036,53236,23.84,1.72,5.98,0.0,OK
2026-09-09T05:58:15.354501+00:00,2026-09-09T05:58:05.075097+00:00,atelier,smartmonitor/atelier/state,36,POWER_ON,-50,70212,53036,53236,24.18,1.28,5.98,0.0,OK
2026-09-09T05:59:15.355162+00:00,2026-09-09T05:59:05.593271+00:00,atelier,smartmonitor/atelier/state,36,POWER_ON,-52,70212,53036,53236,24.18,1.28,5.98,0.0,OK
2026-09-09T06:00:15.356021+00:00,2026-09-09T06:00:06.037228+00:00,atelier,smartmonitor/atelier/state,36,POWER_ON,-46,69892,53036,53236,23.83,1.73,5.98,0.0,OK
2026-09-09T06:01:15.354925+00:00,2026-09-09T06:01:06.548198+00:00,atelier,smartmonitor/atelier/state,36,POWER_ON,-49,70212,53036,53236,24.18,1.28,5.98,0.0,OK
2026-09-09T06:02:15.354847+00:00,2026-09-09T06:02:07.049381+00:00,atelier,smartmonitor/atelier/state,36,POWER_ON,-50,70212,53036,53236,24.18,1.28,5.98,0.0,OK
2026-09-09T06:03:15.346330+00:00,2026-09-09T06:03:07.574845+00:00,atelier,smartmonitor/atelier/state,36,POWER_ON,-46,69904,53036,53236,23.84,1.72,5.98,0.0,OK
2026-09-09T06:04:15.343868+00:00,2026-09-09T06:04:08.080281+00:00,atelier,smartmonitor/atelier/state,36,POWER_ON,-55,70212,53036,53236,24.18,1.28,5.98,0.0,OK
2026-09-09T06:05:15.345569+00:00,2026-09-09T06:05:08.600332+00:00,atelier,smartmonitor/atelier/state,36,POWER_ON,-47,70212,53036,53236,24.18,1.28,5.98,0.0,OK
2026-09-09T06:06:15.347083+00:00,2026-09-09T06:06:09.034114+00:00,atelier,smartmonitor/atelier/state,36,POWER_ON,-50,69892,53036,53236,23.83,1.73,5.98,0.0,OK
2026-09-09T06:07:15.343713+00:00,2026-09-09T06:07:09.547889+00:00,atelier,smartmonitor/atelier/state,36,POWER_ON,-50,70212,53036,53236,24.18,1.28,5.98,0.0,OK
2026-09-09T06:08:15.352675+00:00,2026-09-09T06:08:10.050949+00:00,atelier,smartmonitor/atelier/state,36,POWER_ON,-50,70212,53036,53236,24.18,1.28,5.98,0.0,OK
2026-09-09T06:09:15.353790+00:00,2026-09-09T06:09:10.580720+00:00,atelier,smartmonitor/atelier/state,36,POWER_ON,-46,69904,53036,53236,23.84,1.72,5.98,0.0,OK
2026-09-09T06:10:15.352580+00:00,2026-09-09T06:10:11.017413+00:00,atelier,smartmonitor/atelier/state,36,POWER_ON,-48,70212,53036,53236,24.18,1.28,5.98,0.0,OK
2026-09-09T06:11:15.350423+00:00,2026-09-09T06:11:11.509204+00:00,atelier,smartmonitor/atelier/state,36,POWER_ON,-49,70212,53036,53236,24.18,1.28,5.98,0.0,OK
2026-09-09T06:12:15.351918+00:00,2026-09-09T06:12:12.030123+00:00,atelier,smartmonitor/atelier/state,36,POWER_ON,-52,69904,53036,53236,23.84,1.72,5.98,0.0,OK
2026-09-09T06:13:15.352518+00:00,2026-09-09T06:13:12.545347+00:00,atelier,smartmonitor/atelier/state,36,POWER_ON,-50,70212,53036,53236,24.18,1.28,5.98,0.0,OK
2026-09-09T06:14:15.354591+00:00,2026-09-09T06:14:13.066268+00:00,atelier,smartmonitor/atelier/state,36,POWER_ON,-52,70212,53036,53236,24.18,1.28,5.98,0.0,OK
2026-09-09T06:15:15.353096+00:00,2026-09-09T06:15:13.503858+00:00,atelier,smartmonitor/atelier/state,36,POWER_ON,-51,69892,53036,53236,23.83,1.73,5.98,0.0,OK
2026-09-09T06:16:15.348044+00:00,2026-09-09T06:16:14.012298+00:00,atelier,smartmonitor/atelier/state,36,POWER_ON,-50,70212,53036,53236,24.18,1.28,5.98,0.0,OK
2026-09-09T06:17:15.342733+00:00,2026-09-09T06:17:14.521999+00:00,atelier,smartmonitor/atelier/state,36,POWER_ON,-50,70212,53036,53236,24.18,1.28,5.98,0.0,OK
2026-09-09T06:18:15.343690+00:00,2026-09-09T06:18:15.038275+00:00,atelier,smartmonitor/atelier/state,36,POWER_ON,-46,69904,53036,53236,23.84,1.72,5.98,0.0,OK
2026-09-09T06:19:15.357396+00:00,2026-09-09T06:19:03.465830+00:00,atelier,smartmonitor/atelier/state,36,POWER_ON,-49,70212,53036,53236,24.18,1.28,5.98,0.0,OK
2026-09-09T06:20:15.344583+00:00,2026-09-09T06:20:03.917980+00:00,atelier,smartmonitor/atelier/state,36,POWER_ON,-47,69892,53036,53236,23.83,1.73,5.98,0.0,OK
2026-09-09T06:21:15.347900+00:00,2026-09-09T06:21:04.407456+00:00,atelier,smartmonitor/atelier/state,36,POWER_ON,-50,70212,53036,53236,24.18,1.28,5.98,0.0,OK
2026-09-09T06:22:15.345644+00:00,2026-09-09T06:22:04.921811+00:00,atelier,smartmonitor/atelier/state,36,POWER_ON,-47,70212,53036,53236,24.18,1.28,5.98,0.0,OK
2026-09-09T06:23:15.346859+00:00,2026-09-09T06:23:05.447149+00:00,atelier,smartmonitor/atelier/state,36,POWER_ON,-48,69904,53036,53236,23.84,1.72,5.98,0.0,OK
2026-09-09T06:24:15.343223+00:00,2026-09-09T06:24:05.964112+00:00,atelier,smartmonitor/atelier/state,36,POWER_ON,-49,70212,53036,53236,24.18,1.28,5.98,0.0,OK
2026-09-09T06:25:15.352651+00:00,2026-09-09T06:25:06.394125+00:00,atelier,smartmonitor/atelier/state,36,POWER_ON,-51,70212,53036,53236,24.18,1.28,5.98,0.0,OK
2026-09-09T06:26:15.348108+00:00,2026-09-09T06:26:06.902769+00:00,atelier,smartmonitor/atelier/state,36,POWER_ON,-47,69904,53036,53236,23.84,1.72,5.98,0.0,OK
2026-09-09T06:27:15.346378+00:00,2026-09-09T06:27:07.403603+00:00,atelier,smartmonitor/atelier/state,36,POWER_ON,-50,70212,53036,53236,24.18,1.28,5.98,0.0,OK
2026-09-09T06:28:15.343308+00:00,2026-09-09T06:28:07.924947+00:00,atelier,smartmonitor/atelier/state,36,POWER_ON,-52,70212,53036,53236,24.18,1.28,5.98,0.0,OK
2026-09-09T06:29:15.357387+00:00,2026-09-09T06:29:08.444603+00:00,atelier,smartmonitor/atelier/state,36,POWER_ON,-50,69892,53036,53236,23.83,1.73,5.98,0.0,OK
2026-09-09T06:30:15.354362+00:00,2026-09-09T06:30:08.864161+00:00,atelier,smartmonitor/atelier/state,36,POWER_ON,-50,70212,53036,53236,24.18,1.28,5.98,0.0,OK
2026-09-09T06:31:15.353382+00:00,2026-09-09T06:31:09.372610+00:00,atelier,smartmonitor/atelier/state,36,POWER_ON,-51,70212,53036,53236,24.18,1.28,5.98,0.0,OK
2026-09-09T06:32:15.352382+00:00,2026-09-09T06:32:09.888359+00:00,atelier,smartmonitor/atelier/state,36,POWER_ON,-48,69904,53036,53236,23.84,1.72,5.98,0.0,OK
2026-09-09T06:33:15.344249+00:00,2026-09-09T06:33:10.344517+00:00,atelier,smartmonitor/atelier/state,36,POWER_ON,-47,70212,53036,53236,24.18,1.28,5.98,0.0,OK
2026-09-09T06:34:15.347187+00:00,2026-09-09T06:34:10.840534+00:00,atelier,smartmonitor/atelier/state,36,POWER_ON,-49,70212,53036,53236,24.18,1.28,5.98,0.0,OK
2026-09-09T06:35:15.344370+00:00,2026-09-09T06:35:11.350433+00:00,atelier,smartmonitor/atelier/state,36,POWER_ON,-51,69904,53036,53236,23.84,1.72,5.98,0.0,OK
2026-09-09T06:36:15.348259+00:00,2026-09-09T06:36:11.863959+00:00,atelier,smartmonitor/atelier/state,36,POWER_ON,-54,70212,53036,53236,24.18,1.28,5.98,0.0,OK
2026-09-09T06:37:15.352766+00:00,2026-09-09T06:37:12.380413+00:00,atelier,smartmonitor/atelier/state,36,POWER_ON,-48,70212,53036,53236,24.18,1.28,5.98,0.0,OK
2026-09-09T06:38:15.351982+00:00,2026-09-09T06:38:12.837889+00:00,atelier,smartmonitor/atelier/state,36,POWER_ON,-49,69892,53036,53236,23.83,1.73,5.98,0.0,OK
2026-09-09T06:39:15.352259+00:00,2026-09-09T06:39:13.325843+00:00,atelier,smartmonitor/atelier/state,36,POWER_ON,-52,70212,53036,53236,24.18,1.28,5.98,0.0,OK
2026-09-09T06:40:15.347414+00:00,2026-09-09T06:40:13.835836+00:00,atelier,smartmonitor/atelier/state,36,POWER_ON,-48,70212,53036,53236,24.18,1.28,5.98,0.0,OK
2026-09-09T06:41:15.350218+00:00,2026-09-09T06:41:14.368185+00:00,atelier,smartmonitor/atelier/state,36,POWER_ON,-51,69904,53036,53236,23.84,1.72,5.98,0.0,OK
2026-09-09T06:42:15.352057+00:00,2026-09-09T06:42:14.870567+00:00,atelier,smartmonitor/atelier/state,36,POWER_ON,-47,70212,53036,53236,24.18,1.28,5.98,0.0,OK
2026-09-09T06:43:15.356554+00:00,2026-09-09T06:43:15.318954+00:00,atelier,smartmonitor/atelier/state,36,POWER_ON,-51,70212,53036,53236,24.18,1.28,5.98,0.0,OK
2026-09-09T06:44:15.343466+00:00,2026-09-09T06:44:03.727256+00:00,atelier,smartmonitor/atelier/state,36,POWER_ON,-49,70212,53036,53236,24.18,1.28,5.98,0.0,OK
2026-09-09T06:45:15.357727+00:00,2026-09-09T06:45:04.245799+00:00,atelier,smartmonitor/atelier/state,36,POWER_ON,-50,70212,53036,53236,24.18,1.28,5.98,0.0,OK
2026-09-09T06:46:15.352297+00:00,2026-09-09T06:46:04.751067+00:00,atelier,smartmonitor/atelier/state,36,POWER_ON,-48,69904,53036,53236,23.84,1.72,5.98,0.0,OK
2026-09-09T06:47:15.348528+00:00,2026-09-09T06:47:05.212797+00:00,atelier,smartmonitor/atelier/state,36,POWER_ON,-48,70212,53036,53236,24.18,1.28,5.98,0.0,OK
2026-09-09T06:48:15.346634+00:00,2026-09-09T06:48:05.703828+00:00,atelier,smartmonitor/atelier/state,36,POWER_ON,-51,70212,53036,53236,24.18,1.28,5.98,0.0,OK
2026-09-09T06:49:15.356592+00:00,2026-09-09T06:49:06.210747+00:00,atelier,smartmonitor/atelier/state,36,POWER_ON,-51,69904,53036,53236,23.84,1.72,5.98,0.0,OK
2026-09-09T06:50:15.350870+00:00,2026-09-09T06:50:06.741935+00:00,atelier,smartmonitor/atelier/state,36,POWER_ON,-47,70212,53036,53236,24.18,1.28,5.98,0.0,OK
2026-09-09T06:51:15.351600+00:00,2026-09-09T06:51:07.250493+00:00,atelier,smartmonitor/atelier/state,36,POWER_ON,-53,70212,53036,53236,24.18,1.28,5.98,0.0,OK
2026-09-09T06:52:15.353373+00:00,2026-09-09T06:52:07.690617+00:00,atelier,smartmonitor/atelier/state,36,POWER_ON,-48,69892,53036,53236,23.83,1.73,5.98,0.0,OK
2026-09-09T06:53:15.352491+00:00,2026-09-09T06:53:08.193777+00:00,atelier,smartmonitor/atelier/state,36,POWER_ON,-45,70212,53036,53236,24.18,1.28,5.98,0.0,OK
2026-09-09T06:54:15.355750+00:00,2026-09-09T06:54:08.710799+00:00,atelier,smartmonitor/atelier/state,36,POWER_ON,-49,70212,53036,53236,24.18,1.28,5.98,0.0,OK
2026-09-09T06:55:15.356479+00:00,2026-09-09T06:55:09.228374+00:00,atelier,smartmonitor/atelier/state,36,POWER_ON,-47,69904,53036,53236,23.84,1.72,5.98,0.0,OK
2026-09-09T06:56:15.352342+00:00,2026-09-09T06:56:09.746990+00:00,atelier,smartmonitor/atelier/state,36,POWER_ON,-50,70212,53036,53236,24.18,1.28,5.98,0.0,OK
2026-09-09T06:57:15.351719+00:00,2026-09-09T06:57:10.181505+00:00,atelier,smartmonitor/atelier/state,36,POWER_ON,-47,70212,53036,53236,24.18,1.28,5.98,0.0,OK
2026-09-09T06:58:15.353560+00:00,2026-09-09T06:58:10.673592+00:00,atelier,smartmonitor/atelier/state,36,POWER_ON,-48,69904,53036,53236,23.84,1.72,5.98,0.0,OK
2026-09-09T06:59:15.356600+00:00,2026-09-09T06:59:11.192102+00:00,atelier,smartmonitor/atelier/state,36,POWER_ON,-49,70212,53036,53236,24.18,1.28,5.98,0.0,OK
2026-09-09T07:00:15.356291+00:00,2026-09-09T07:00:11.714952+00:00,atelier,smartmonitor/atelier/state,36,POWER_ON,-49,70212,53036,53236,24.18,1.28,5.98,0.0,OK
2026-09-09T07:01:15.345976+00:00,2026-09-09T07:01:12.233130+00:00,atelier,smartmonitor/atelier/state,36,POWER_ON,-50,69892,53036,53236,23.83,1.73,5.98,0.0,OK
2026-09-09T07:02:15.346456+00:00,2026-09-09T07:02:12.666063+00:00,atelier,smartmonitor/atelier/state,36,POWER_ON,-53,70212,53036,53236,24.18,1.28,5.98,0.0,OK
2026-09-09T07:03:15.344017+00:00,2026-09-09T07:03:13.166431+00:00,atelier,smartmonitor/atelier/state,36,POWER_ON,-48,70212,53036,53236,24.18,1.28,5.98,0.0,OK
2026-09-09T07:04:15.353548+00:00,2026-09-09T07:04:13.676839+00:00,atelier,smartmonitor/atelier/state,36,POWER_ON,-48,69904,53036,53236,23.84,1.72,5.98,0.0,OK
2026-09-09T07:05:15.346998+00:00,2026-09-09T07:05:14.204845+00:00,atelier,smartmonitor/atelier/state,36,POWER_ON,-49,70212,53036,53236,24.18,1.28,5.98,0.0,OK
2026-09-09T07:06:15.345263+00:00,2026-09-09T07:06:14.715710+00:00,atelier,smartmonitor/atelier/state,36,POWER_ON,-49,70212,53036,53236,24.18,1.28,5.98,0.0,OK
2026-09-09T07:07:15.344214+00:00,2026-09-09T07:07:15.275871+00:00,atelier,smartmonitor/atelier/state,36,POWER_ON,-50,69892,53036,53236,23.83,1.73,5.98,0.0,OK
2026-09-09T07:08:15.348950+00:00,2026-09-09T07:08:03.571451+00:00,atelier,smartmonitor/atelier/state,36,POWER_ON,-54,70212,53036,53236,24.18,1.28,5.98,0.0,OK
2026-09-09T07:09:15.345865+00:00,2026-09-09T07:09:04.089063+00:00,atelier,smartmonitor/atelier/state,36,POWER_ON,-51,69904,53036,53236,23.84,1.72,5.98,0.0,OK
2026-09-09T07:10:15.343927+00:00,2026-09-09T07:10:04.607824+00:00,atelier,smartmonitor/atelier/state,36,POWER_ON,-61,70212,53036,53236,24.18,1.28,5.98,0.0,OK
2026-09-09T07:11:15.349812+00:00,2026-09-09T07:11:05.148249+00:00,atelier,smartmonitor/atelier/state,36,POWER_ON,-56,70212,53036,53236,24.18,1.28,5.98,0.0,OK
2026-09-09T07:12:15.348318+00:00,2026-09-09T07:12:05.580667+00:00,atelier,smartmonitor/atelier/state,36,POWER_ON,-41,69892,53036,53236,23.83,1.73,5.98,0.0,OK
2026-09-09T07:13:15.348785+00:00,2026-09-09T07:13:06.075498+00:00,atelier,smartmonitor/atelier/state,36,POWER_ON,-38,70212,53036,53236,24.18,1.28,5.98,0.0,OK
2026-09-09T07:14:15.344655+00:00,2026-09-09T07:14:06.581115+00:00,atelier,smartmonitor/atelier/state,36,POWER_ON,-39,70212,53036,53236,24.18,1.28,5.98,0.0,OK
2026-09-09T07:15:15.357796+00:00,2026-09-09T07:15:07.097260+00:00,atelier,smartmonitor/atelier/state,36,POWER_ON,-36,69904,53036,53236,23.84,1.72,5.98,0.0,OK
2026-09-09T07:16:15.354640+00:00,2026-09-09T07:16:07.617593+00:00,atelier,smartmonitor/atelier/state,36,POWER_ON,-42,70212,53036,53236,24.18,1.28,5.98,0.0,OK
2026-09-09T07:17:15.355692+00:00,2026-09-09T07:17:08.063479+00:00,atelier,smartmonitor/atelier/state,36,POWER_ON,-37,70212,53036,53236,24.18,1.28,5.98,0.0,OK
2026-09-09T07:18:15.342802+00:00,2026-09-09T07:18:08.577183+00:00,atelier,smartmonitor/atelier/state,36,POWER_ON,-40,69904,53036,53236,23.84,1.72,5.98,0.0,OK
2026-09-09T07:19:15.357506+00:00,2026-09-09T07:19:09.083399+00:00,atelier,smartmonitor/atelier/state,36,POWER_ON,-41,70212,53036,53236,24.18,1.28,5.98,0.0,OK
2026-09-09T07:20:15.352683+00:00,2026-09-09T07:20:09.583178+00:00,atelier,smartmonitor/atelier/state,36,POWER_ON,-39,70212,53036,53236,24.18,1.28,5.98,0.0,OK
2026-09-09T07:21:15.351524+00:00,2026-09-09T07:21:10.114568+00:00,atelier,smartmonitor/atelier/state,36,POWER_ON,-41,69904,53036,53236,23.84,1.72,5.98,0.0,OK
2026-09-09T07:22:15.348155+00:00,2026-09-09T07:22:10.612867+00:00,atelier,smartmonitor/atelier/state,36,POWER_ON,-40,70212,53036,53236,24.18,1.28,5.98,0.0,OK
2026-09-09T07:23:15.347434+00:00,2026-09-09T07:23:11.052960+00:00,atelier,smartmonitor/atelier/state,36,POWER_ON,-36,70212,53036,53236,24.18,1.28,5.98,0.0,OK
2026-09-09T07:24:15.351368+00:00,2026-09-09T07:24:11.557084+00:00,atelier,smartmonitor/atelier/state,36,POWER_ON,-38,69904,53036,53236,23.84,1.72,5.98,0.0,OK
2026-09-09T07:25:15.352848+00:00,2026-09-09T07:25:12.068368+00:00,atelier,smartmonitor/atelier/state,36,POWER_ON,-41,70212,53036,53236,24.18,1.28,5.98,0.0,OK
2026-09-09T07:26:15.348562+00:00,2026-09-09T07:26:12.595571+00:00,atelier,smartmonitor/atelier/state,36,POWER_ON,-40,70212,53036,53236,24.18,1.28,5.98,0.0,OK
2026-09-09T07:27:15.350553+00:00,2026-09-09T07:27:13.121234+00:00,atelier,smartmonitor/atelier/state,36,POWER_ON,-46,69904,53036,53236,23.84,1.72,5.98,0.0,OK
2026-09-09T07:28:15.346454+00:00,2026-09-09T07:28:13.540990+00:00,atelier,smartmonitor/atelier/state,36,POWER_ON,-42,70204,53036,53236,24.17,1.29,5.98,0.0,OK
2026-09-09T07:29:15.346313+00:00,2026-09-09T07:29:14.057045+00:00,atelier,smartmonitor/atelier/state,36,POWER_ON,-40,70212,53036,53236,24.18,1.28,5.98,0.0,OK
2026-09-09T07:30:15.356431+00:00,2026-09-09T07:30:14.569320+00:00,atelier,smartmonitor/atelier/state,36,POWER_ON,-51,69904,53036,53236,23.84,1.72,5.98,0.0,OK
2026-09-09T07:31:15.355398+00:00,2026-09-09T07:31:15.085301+00:00,atelier,smartmonitor/atelier/state,36,POWER_ON,-52,70212,53036,53236,24.18,1.28,5.98,0.0,OK
2026-09-09T07:32:15.354662+00:00,2026-09-09T07:32:03.425510+00:00,atelier,smartmonitor/atelier/state,36,POWER_ON,-49,69896,53036,53236,23.84,1.73,5.98,0.0,OK
2026-09-09T07:33:15.351007+00:00,2026-09-09T07:33:03.935854+00:00,atelier,smartmonitor/atelier/state,36,POWER_ON,-55,70212,53036,53236,24.18,1.28,5.98,0.0,OK
2026-09-09T07:34:15.342875+00:00,2026-09-09T07:34:04.451310+00:00,atelier,smartmonitor/atelier/state,36,POWER_ON,-52,70212,53036,53236,24.18,1.28,5.98,0.0,OK
2026-09-09T07:35:15.354443+00:00,2026-09-09T07:35:04.971177+00:00,atelier,smartmonitor/atelier/state,36,POWER_ON,-55,69892,53036,53236,23.83,1.73,5.98,0.0,OK
2026-09-09T07:36:15.347192+00:00,2026-09-09T07:36:05.407098+00:00,atelier,smartmonitor/atelier/state,36,POWER_ON,-48,70212,53036,53236,24.18,1.28,5.98,0.0,OK
2026-09-09T07:37:15.349405+00:00,2026-09-09T07:37:05.911128+00:00,atelier,smartmonitor/atelier/state,36,POWER_ON,-55,70188,53036,53236,24.15,1.32,5.98,0.0,OK
2026-09-09T07:38:15.348247+00:00,2026-09-09T07:38:06.425154+00:00,atelier,smartmonitor/atelier/state,36,POWER_ON,-49,69892,53036,53236,23.83,1.73,5.98,0.0,OK
2026-09-09T07:39:15.357615+00:00,2026-09-09T07:39:08.686582+00:00,atelier,smartmonitor/atelier/state,36,POWER_ON,-48,70212,53036,53236,24.18,1.28,5.98,0.0,OK
2026-09-09T07:40:15.347750+00:00,2026-09-09T07:40:13.089715+00:00,atelier,smartmonitor/atelier/state,36,POWER_ON,-54,69892,53036,53236,23.83,1.73,5.98,0.0,OK
2026-09-09T07:41:15.350351+00:00,2026-09-09T07:40:32.556492+00:00,atelier,smartmonitor/atelier/state,36,POWER_ON,-49,70212,53036,53236,24.18,1.28,5.98,0.0,OK
2026-09-09T07:42:15.348505+00:00,2026-09-09T07:40:32.556492+00:00,atelier,smartmonitor/atelier/state,36,POWER_ON,-49,70212,53036,53236,24.18,1.28,5.98,0.0,OK
2026-09-09T07:43:15.347214+00:00,2026-09-09T07:40:32.556492+00:00,atelier,smartmonitor/atelier/state,36,POWER_ON,-49,70212,53036,53236,24.18,1.28,5.98,0.0,OK
2026-09-09T07:44:15.346603+00:00,2026-09-09T07:40:32.556492+00:00,atelier,smartmonitor/atelier/state,36,POWER_ON,-49,70212,53036,53236,24.18,1.28,5.98,0.0,OK
2026-09-09T07:45:15.351657+00:00,2026-09-09T07:40:32.556492+00:00,atelier,smartmonitor/atelier/state,36,POWER_ON,-49,70212,53036,53236,24.18,1.28,5.98,0.0,OK
2026-09-09T07:46:15.353402+00:00,2026-09-09T07:40:32.556492+00:00,atelier,smartmonitor/atelier/state,36,POWER_ON,-49,70212,53036,53236,24.18,1.28,5.98,0.0,OK
2026-09-09T07:47:15.351876+00:00,2026-09-09T07:40:32.556492+00:00,atelier,smartmonitor/atelier/state,36,POWER_ON,-49,70212,53036,53236,24.18,1.28,5.98,0.0,OK
2026-09-09T07:48:15.347543+00:00,2026-09-09T07:40:32.556492+00:00,atelier,smartmonitor/atelier/state,36,POWER_ON,-49,70212,53036,53236,24.18,1.28,5.98,0.0,OK
2026-09-09T07:49:15.346620+00:00,2026-09-09T07:40:32.556492+00:00,atelier,smartmonitor/atelier/state,36,POWER_ON,-49,70212,53036,53236,24.18,1.28,5.98,0.0,OK
2026-09-09T07:50:15.350353+00:00,2026-09-09T07:40:32.556492+00:00,atelier,smartmonitor/atelier/state,36,POWER_ON,-49,70212,53036,53236,24.18,1.28,5.98,0.0,OK
2026-09-09T07:51:15.349820+00:00,2026-09-09T07:40:32.556492+00:00,atelier,smartmonitor/atelier/state,36,POWER_ON,-49,70212,53036,53236,24.18,1.28,5.98,0.0,OK
2026-09-09T07:52:15.349139+00:00,2026-09-09T07:40:32.556492+00:00,atelier,smartmonitor/atelier/state,36,POWER_ON,-49,70212,53036,53236,24.18,1.28,5.98,0.0,OK
2026-09-09T07:53:15.353087+00:00,2026-09-09T07:40:32.556492+00:00,atelier,smartmonitor/atelier/state,36,POWER_ON,-49,70212,53036,53236,24.18,1.28,5.98,0.0,OK
2026-09-09T07:54:15.349724+00:00,2026-09-09T07:40:32.556492+00:00,atelier,smartmonitor/atelier/state,36,POWER_ON,-49,70212,53036,53236,24.18,1.28,5.98,0.0,OK
2026-09-09T07:55:15.345984+00:00,2026-09-09T07:40:32.556492+00:00,atelier,smartmonitor/atelier/state,36,POWER_ON,-49,70212,53036,53236,24.18,1.28,5.98,0.0,OK
2026-09-09T07:56:15.356796+00:00,2026-09-09T07:40:32.556492+00:00,atelier,smartmonitor/atelier/state,36,POWER_ON,-49,70212,53036,53236,24.18,1.28,5.98,0.0,OK
2026-09-09T07:57:15.352372+00:00,2026-09-09T07:40:32.556492+00:00,atelier,smartmonitor/atelier/state,36,POWER_ON,-49,70212,53036,53236,24.18,1.28,5.98,0.0,OK
2026-09-09T07:58:15.344032+00:00,2026-09-09T07:40:32.556492+00:00,atelier,smartmonitor/atelier/state,36,POWER_ON,-49,70212,53036,53236,24.18,1.28,5.98,0.0,OK
2026-09-09T07:59:15.343408+00:00,2026-09-09T07:40:32.556492+00:00,atelier,smartmonitor/atelier/state,36,POWER_ON,-49,70212,53036,53236,24.18,1.28,5.98,0.0,OK
2026-09-09T08:00:15.348370+00:00,2026-09-09T07:40:32.556492+00:00,atelier,smartmonitor/atelier/state,36,POWER_ON,-49,70212,53036,53236,24.18,1.28,5.98,0.0,OK
2026-09-09T08:01:15.346722+00:00,2026-09-09T07:40:32.556492+00:00,atelier,smartmonitor/atelier/state,36,POWER_ON,-49,70212,53036,53236,24.18,1.28,5.98,0.0,OK
2026-09-09T08:02:15.354874+00:00,2026-09-09T07:40:32.556492+00:00,atelier,smartmonitor/atelier/state,36,POWER_ON,-49,70212,53036,53236,24.18,1.28,5.98,0.0,OK
2026-09-09T08:03:15.354336+00:00,2026-09-09T07:40:32.556492+00:00,atelier,smartmonitor/atelier/state,36,POWER_ON,-49,70212,53036,53236,24.18,1.28,5.98,0.0,OK
2026-09-09T08:04:15.351646+00:00,2026-09-09T07:40:32.556492+00:00,atelier,smartmonitor/atelier/state,36,POWER_ON,-49,70212,53036,53236,24.18,1.28,5.98,0.0,OK
2026-09-09T08:05:15.349254+00:00,2026-09-09T07:40:32.556492+00:00,atelier,smartmonitor/atelier/state,36,POWER_ON,-49,70212,53036,53236,24.18,1.28,5.98,0.0,OK
2026-09-09T08:06:15.356914+00:00,2026-09-09T07:40:32.556492+00:00,atelier,smartmonitor/atelier/state,36,POWER_ON,-49,70212,53036,53236,24.18,1.28,5.98,0.0,OK
2026-09-09T08:07:15.350249+00:00,2026-09-09T07:40:32.556492+00:00,atelier,smartmonitor/atelier/state,36,POWER_ON,-49,70212,53036,53236,24.18,1.28,5.98,0.0,OK
2026-09-09T08:08:15.351698+00:00,2026-09-09T07:40:32.556492+00:00,atelier,smartmonitor/atelier/state,36,POWER_ON,-49,70212,53036,53236,24.18,1.28,5.98,0.0,OK
2026-09-09T08:09:15.355755+00:00,2026-09-09T07:40:32.556492+00:00,atelier,smartmonitor/atelier/state,36,POWER_ON,-49,70212,53036,53236,24.18,1.28,5.98,0.0,OK
2026-09-09T08:10:15.355659+00:00,2026-09-09T07:40:32.556492+00:00,atelier,smartmonitor/atelier/state,36,POWER_ON,-49,70212,53036,53236,24.18,1.28,5.98,0.0,OK
2026-09-09T08:11:15.342933+00:00,2026-09-09T07:40:32.556492+00:00,atelier,smartmonitor/atelier/state,36,POWER_ON,-49,70212,53036,53236,24.18,1.28,5.98,0.0,OK
2026-09-09T08:12:15.345455+00:00,2026-09-09T07:40:32.556492+00:00,atelier,smartmonitor/atelier/state,36,POWER_ON,-49,70212,53036,53236,24.18,1.28,5.98,0.0,OK
2026-09-09T08:13:15.343716+00:00,2026-09-09T07:40:32.556492+00:00,atelier,smartmonitor/atelier/state,36,POWER_ON,-49,70212,53036,53236,24.18,1.28,5.98,0.0,OK
2026-09-09T08:14:15.350153+00:00,2026-09-09T07:40:32.556492+00:00,atelier,smartmonitor/atelier/state,36,POWER_ON,-49,70212,53036,53236,24.18,1.28,5.98,0.0,OK
2026-09-09T08:15:15.347423+00:00,2026-09-09T07:40:32.556492+00:00,atelier,smartmonitor/atelier/state,36,POWER_ON,-49,70212,53036,53236,24.18,1.28,5.98,0.0,OK
2026-09-09T08:16:15.352664+00:00,2026-09-09T07:40:32.556492+00:00,atelier,smartmonitor/atelier/state,36,POWER_ON,-49,70212,53036,53236,24.18,1.28,5.98,0.0,OK
2026-09-09T08:17:15.352451+00:00,2026-09-09T07:40:32.556492+00:00,atelier,smartmonitor/atelier/state,36,POWER_ON,-49,70212,53036,53236,24.18,1.28,5.98,0.0,OK
2026-09-09T08:18:15.351442+00:00,2026-09-09T07:40:32.556492+00:00,atelier,smartmonitor/atelier/state,36,POWER_ON,-49,70212,53036,53236,24.18,1.28,5.98,0.0,OK
2026-09-09T08:19:15.355164+00:00,2026-09-09T07:40:32.556492+00:00,atelier,smartmonitor/atelier/state,36,POWER_ON,-49,70212,53036,53236,24.18,1.28,5.98,0.0,OK
2026-09-09T08:20:15.353906+00:00,2026-09-09T07:40:32.556492+00:00,atelier,smartmonitor/atelier/state,36,POWER_ON,-49,70212,53036,53236,24.18,1.28,5.98,0.0,OK
2026-09-09T08:21:15.343339+00:00,2026-09-09T07:40:32.556492+00:00,atelier,smartmonitor/atelier/state,36,POWER_ON,-49,70212,53036,53236,24.18,1.28,5.98,0.0,OK
2026-09-09T08:22:15.355332+00:00,2026-09-09T07:40:32.556492+00:00,atelier,smartmonitor/atelier/state,36,POWER_ON,-49,70212,53036,53236,24.18,1.28,5.98,0.0,OK
2026-09-09T08:23:15.347599+00:00,2026-09-09T07:40:32.556492+00:00,atelier,smartmonitor/atelier/state,36,POWER_ON,-49,70212,53036,53236,24.18,1.28,5.98,0.0,OK
2026-09-09T08:24:15.346397+00:00,2026-09-09T07:40:32.556492+00:00,atelier,smartmonitor/atelier/state,36,POWER_ON,-49,70212,53036,53236,24.18,1.28,5.98,0.0,OK
2026-09-09T08:25:15.348877+00:00,2026-09-09T07:40:32.556492+00:00,atelier,smartmonitor/atelier/state,36,POWER_ON,-49,70212,53036,53236,24.18,1.28,5.98,0.0,OK
2026-09-09T08:26:15.354048+00:00,2026-09-09T07:40:32.556492+00:00,atelier,smartmonitor/atelier/state,36,POWER_ON,-49,70212,53036,53236,24.18,1.28,5.98,0.0,OK
2026-09-09T08:27:15.358206+00:00,2026-09-09T07:40:32.556492+00:00,atelier,smartmonitor/atelier/state,36,POWER_ON,-49,70212,53036,53236,24.18,1.28,5.98,0.0,OK
2026-09-09T08:28:15.359988+00:00,2026-09-09T07:40:32.556492+00:00,atelier,smartmonitor/atelier/state,36,POWER_ON,-49,70212,53036,53236,24.18,1.28,5.98,0.0,OK
2026-09-09T08:29:15.360734+00:00,2026-09-09T07:40:32.556492+00:00,atelier,smartmonitor/atelier/state,36,POWER_ON,-49,70212,53036,53236,24.18,1.28,5.98,0.0,OK
2026-09-09T08:30:15.367265+00:00,2026-09-09T07:40:32.556492+00:00,atelier,smartmonitor/atelier/state,36,POWER_ON,-49,70212,53036,53236,24.18,1.28,5.98,0.0,OK
2026-09-09T08:31:15.366735+00:00,2026-09-09T07:40:32.556492+00:00,atelier,smartmonitor/atelier/state,36,POWER_ON,-49,70212,53036,53236,24.18,1.28,5.98,0.0,OK
2026-09-09T08:32:15.365073+00:00,2026-09-09T07:40:32.556492+00:00,atelier,smartmonitor/atelier/state,36,POWER_ON,-49,70212,53036,53236,24.18,1.28,5.98,0.0,OK
2026-09-09T08:33:15.358302+00:00,2026-09-09T07:40:32.556492+00:00,atelier,smartmonitor/atelier/state,36,POWER_ON,-49,70212,53036,53236,24.18,1.28,5.98,0.0,OK
2026-09-09T08:34:15.370348+00:00,2026-09-09T07:40:32.556492+00:00,atelier,smartmonitor/atelier/state,36,POWER_ON,-49,70212,53036,53236,24.18,1.28,5.98,0.0,OK
2026-09-09T08:35:15.361780+00:00,2026-09-09T07:40:32.556492+00:00,atelier,smartmonitor/atelier/state,36,POWER_ON,-49,70212,53036,53236,24.18,1.28,5.98,0.0,OK
2026-09-09T08:36:15.368567+00:00,2026-09-09T07:40:32.556492+00:00,atelier,smartmonitor/atelier/state,36,POWER_ON,-49,70212,53036,53236,24.18,1.28,5.98,0.0,OK
2026-09-09T08:37:15.364643+00:00,2026-09-09T07:40:32.556492+00:00,atelier,smartmonitor/atelier/state,36,POWER_ON,-49,70212,53036,53236,24.18,1.28,5.98,0.0,OK
2026-09-09T08:38:15.367232+00:00,2026-09-09T07:40:32.556492+00:00,atelier,smartmonitor/atelier/state,36,POWER_ON,-49,70212,53036,53236,24.18,1.28,5.98,0.0,OK
2026-09-09T08:39:15.370940+00:00,2026-09-09T07:40:32.556492+00:00,atelier,smartmonitor/atelier/state,36,POWER_ON,-49,70212,53036,53236,24.18,1.28,5.98,0.0,OK
2026-09-09T08:40:15.360176+00:00,2026-09-09T07:40:32.556492+00:00,atelier,smartmonitor/atelier/state,36,POWER_ON,-49,70212,53036,53236,24.18,1.28,5.98,0.0,OK
2026-09-09T08:41:15.369008+00:00,2026-09-09T07:40:32.556492+00:00,atelier,smartmonitor/atelier/state,36,POWER_ON,-49,70212,53036,53236,24.18,1.28,5.98,0.0,OK
2026-09-09T08:42:15.364033+00:00,2026-09-09T07:40:32.556492+00:00,atelier,smartmonitor/atelier/state,36,POWER_ON,-49,70212,53036,53236,24.18,1.28,5.98,0.0,OK
2026-09-09T08:43:15.360895+00:00,2026-09-09T07:40:32.556492+00:00,atelier,smartmonitor/atelier/state,36,POWER_ON,-49,70212,53036,53236,24.18,1.28,5.98,0.0,OK
2026-09-09T08:44:15.370755+00:00,2026-09-09T07:40:32.556492+00:00,atelier,smartmonitor/atelier/state,36,POWER_ON,-49,70212,53036,53236,24.18,1.28,5.98,0.0,OK
2026-09-09T08:45:15.358332+00:00,2026-09-09T07:40:32.556492+00:00,atelier,smartmonitor/atelier/state,36,POWER_ON,-49,70212,53036,53236,24.18,1.28,5.98,0.0,OK
2026-09-09T08:46:15.369284+00:00,2026-09-09T07:40:32.556492+00:00,atelier,smartmonitor/atelier/state,36,POWER_ON,-49,70212,53036,53236,24.18,1.28,5.98,0.0,OK
2026-09-09T08:47:15.366315+00:00,2026-09-09T07:40:32.556492+00:00,atelier,smartmonitor/atelier/state,36,POWER_ON,-49,70212,53036,53236,24.18,1.28,5.98,0.0,OK
2026-09-09T08:48:15.363475+00:00,2026-09-09T07:40:32.556492+00:00,atelier,smartmonitor/atelier/state,36,POWER_ON,-49,70212,53036,53236,24.18,1.28,5.98,0.0,OK
2026-09-09T08:49:15.367203+00:00,2026-09-09T07:40:32.556492+00:00,atelier,smartmonitor/atelier/state,36,POWER_ON,-49,70212,53036,53236,24.18,1.28,5.98,0.0,OK
2026-09-09T08:50:15.361597+00:00,2026-09-09T07:40:32.556492+00:00,atelier,smartmonitor/atelier/state,36,POWER_ON,-49,70212,53036,53236,24.18,1.28,5.98,0.0,OK
2026-09-09T08:51:15.372077+00:00,2026-09-09T07:40:32.556492+00:00,atelier,smartmonitor/atelier/state,36,POWER_ON,-49,70212,53036,53236,24.18,1.28,5.98,0.0,OK
2026-09-09T08:52:15.364279+00:00,2026-09-09T07:40:32.556492+00:00,atelier,smartmonitor/atelier/state,36,POWER_ON,-49,70212,53036,53236,24.18,1.28,5.98,0.0,OK
2026-09-09T08:53:15.372066+00:00,2026-09-09T07:40:32.556492+00:00,atelier,smartmonitor/atelier/state,36,POWER_ON,-49,70212,53036,53236,24.18,1.28,5.98,0.0,OK
2026-09-09T08:54:15.368918+00:00,2026-09-09T07:40:32.556492+00:00,atelier,smartmonitor/atelier/state,36,POWER_ON,-49,70212,53036,53236,24.18,1.28,5.98,0.0,OK
2026-09-09T08:55:15.367218+00:00,2026-09-09T07:40:32.556492+00:00,atelier,smartmonitor/atelier/state,36,POWER_ON,-49,70212,53036,53236,24.18,1.28,5.98,0.0,OK
2026-09-09T08:56:15.362718+00:00,2026-09-09T07:40:32.556492+00:00,atelier,smartmonitor/atelier/state,36,POWER_ON,-49,70212,53036,53236,24.18,1.28,5.98,0.0,OK
2026-09-09T08:57:15.362892+00:00,2026-09-09T07:40:32.556492+00:00,atelier,smartmonitor/atelier/state,36,POWER_ON,-49,70212,53036,53236,24.18,1.28,5.98,0.0,OK
2026-09-09T08:58:15.371303+00:00,2026-09-09T07:40:32.556492+00:00,atelier,smartmonitor/atelier/state,36,POWER_ON,-49,70212,53036,53236,24.18,1.28,5.98,0.0,OK
2026-09-09T08:59:15.374009+00:00,2026-09-09T07:40:32.556492+00:00,atelier,smartmonitor/atelier/state,36,POWER_ON,-49,70212,53036,53236,24.18,1.28,5.98,0.0,OK
2026-09-09T09:00:15.384874+00:00,2026-09-09T07:40:32.556492+00:00,atelier,smartmonitor/atelier/state,36,POWER_ON,-49,70212,53036,53236,24.18,1.28,5.98,0.0,OK
2026-09-09T09:01:15.377627+00:00,2026-09-09T07:40:32.556492+00:00,atelier,smartmonitor/atelier/state,36,POWER_ON,-49,70212,53036,53236,24.18,1.28,5.98,0.0,OK
2026-09-09T09:02:15.386860+00:00,2026-09-09T07:40:32.556492+00:00,atelier,smartmonitor/atelier/state,36,POWER_ON,-49,70212,53036,53236,24.18,1.28,5.98,0.0,OK
2026-09-09T09:03:15.382452+00:00,2026-09-09T07:40:32.556492+00:00,atelier,smartmonitor/atelier/state,36,POWER_ON,-49,70212,53036,53236,24.18,1.28,5.98,0.0,OK
2026-09-09T09:04:15.388580+00:00,2026-09-09T07:40:32.556492+00:00,atelier,smartmonitor/atelier/state,36,POWER_ON,-49,70212,53036,53236,24.18,1.28,5.98,0.0,OK
2026-09-09T09:05:15.375166+00:00,2026-09-09T07:40:32.556492+00:00,atelier,smartmonitor/atelier/state,36,POWER_ON,-49,70212,53036,53236,24.18,1.28,5.98,0.0,OK
2026-09-09T09:06:15.388344+00:00,2026-09-09T07:40:32.556492+00:00,atelier,smartmonitor/atelier/state,36,POWER_ON,-49,70212,53036,53236,24.18,1.28,5.98,0.0,OK
2026-09-09T09:07:15.384961+00:00,2026-09-09T07:40:32.556492+00:00,atelier,smartmonitor/atelier/state,36,POWER_ON,-49,70212,53036,53236,24.18,1.28,5.98,0.0,OK
2026-09-09T09:08:15.377807+00:00,2026-09-09T07:40:32.556492+00:00,atelier,smartmonitor/atelier/state,36,POWER_ON,-49,70212,53036,53236,24.18,1.28,5.98,0.0,OK
2026-09-09T09:09:15.385746+00:00,2026-09-09T07:40:32.556492+00:00,atelier,smartmonitor/atelier/state,36,POWER_ON,-49,70212,53036,53236,24.18,1.28,5.98,0.0,OK
2026-09-09T09:10:15.379328+00:00,2026-09-09T07:40:32.556492+00:00,atelier,smartmonitor/atelier/state,36,POWER_ON,-49,70212,53036,53236,24.18,1.28,5.98,0.0,OK
2026-09-09T09:11:15.375862+00:00,2026-09-09T07:40:32.556492+00:00,atelier,smartmonitor/atelier/state,36,POWER_ON,-49,70212,53036,53236,24.18,1.28,5.98,0.0,OK
2026-09-09T09:12:15.390737+00:00,2026-09-09T07:40:32.556492+00:00,atelier,smartmonitor/atelier/state,36,POWER_ON,-49,70212,53036,53236,24.18,1.28,5.98,0.0,OK
2026-09-09T09:13:15.404720+00:00,2026-09-09T07:40:32.556492+00:00,atelier,smartmonitor/atelier/state,36,POWER_ON,-49,70212,53036,53236,24.18,1.28,5.98,0.0,OK
2026-09-09T09:14:15.399447+00:00,2026-09-09T07:40:32.556492+00:00,atelier,smartmonitor/atelier/state,36,POWER_ON,-49,70212,53036,53236,24.18,1.28,5.98,0.0,OK
2026-09-09T09:15:15.402959+00:00,2026-09-09T07:40:32.556492+00:00,atelier,smartmonitor/atelier/state,36,POWER_ON,-49,70212,53036,53236,24.18,1.28,5.98,0.0,OK
2026-09-09T09:16:15.392547+00:00,2026-09-09T07:40:32.556492+00:00,atelier,smartmonitor/atelier/state,36,POWER_ON,-49,70212,53036,53236,24.18,1.28,5.98,0.0,OK
2026-09-09T09:17:15.404347+00:00,2026-09-09T07:40:32.556492+00:00,atelier,smartmonitor/atelier/state,36,POWER_ON,-49,70212,53036,53236,24.18,1.28,5.98,0.0,OK
2026-09-09T09:18:15.397177+00:00,2026-09-09T07:40:32.556492+00:00,atelier,smartmonitor/atelier/state,36,POWER_ON,-49,70212,53036,53236,24.18,1.28,5.98,0.0,OK
2026-09-09T09:19:15.394881+00:00,2026-09-09T07:40:32.556492+00:00,atelier,smartmonitor/atelier/state,36,POWER_ON,-49,70212,53036,53236,24.18,1.28,5.98,0.0,OK
2026-09-09T09:20:15.398776+00:00,2026-09-09T07:40:32.556492+00:00,atelier,smartmonitor/atelier/state,36,POWER_ON,-49,70212,53036,53236,24.18,1.28,5.98,0.0,OK
2026-09-09T09:21:15.404390+00:00,2026-09-09T07:40:32.556492+00:00,atelier,smartmonitor/atelier/state,36,POWER_ON,-49,70212,53036,53236,24.18,1.28,5.98,0.0,OK
2026-09-09T09:22:15.390611+00:00,2026-09-09T07:40:32.556492+00:00,atelier,smartmonitor/atelier/state,36,POWER_ON,-49,70212,53036,53236,24.18,1.28,5.98,0.0,OK
2026-09-09T09:23:15.397515+00:00,2026-09-09T07:40:32.556492+00:00,atelier,smartmonitor/atelier/state,36,POWER_ON,-49,70212,53036,53236,24.18,1.28,5.98,0.0,OK
2026-09-09T09:24:15.393243+00:00,2026-09-09T07:40:32.556492+00:00,atelier,smartmonitor/atelier/state,36,POWER_ON,-49,70212,53036,53236,24.18,1.28,5.98,0.0,OK
2026-09-09T09:25:15.398581+00:00,2026-09-09T07:40:32.556492+00:00,atelier,smartmonitor/atelier/state,36,POWER_ON,-49,70212,53036,53236,24.18,1.28,5.98,0.0,OK
2026-09-09T09:26:15.390309+00:00,2026-09-09T07:40:32.556492+00:00,atelier,smartmonitor/atelier/state,36,POWER_ON,-49,70212,53036,53236,24.18,1.28,5.98,0.0,OK
2026-09-09T09:27:15.400469+00:00,2026-09-09T07:40:32.556492+00:00,atelier,smartmonitor/atelier/state,36,POWER_ON,-49,70212,53036,53236,24.18,1.28,5.98,0.0,OK
2026-09-09T09:28:15.405117+00:00,2026-09-09T07:40:32.556492+00:00,atelier,smartmonitor/atelier/state,36,POWER_ON,-49,70212,53036,53236,24.18,1.28,5.98,0.0,OK
2026-09-09T09:29:15.410157+00:00,2026-09-09T07:40:32.556492+00:00,atelier,smartmonitor/atelier/state,36,POWER_ON,-49,70212,53036,53236,24.18,1.28,5.98,0.0,OK
2026-09-09T09:30:15.412564+00:00,2026-09-09T07:40:32.556492+00:00,atelier,smartmonitor/atelier/state,36,POWER_ON,-49,70212,53036,53236,24.18,1.28,5.98,0.0,OK
2026-09-09T09:31:15.406042+00:00,2026-09-09T07:40:32.556492+00:00,atelier,smartmonitor/atelier/state,36,POWER_ON,-49,70212,53036,53236,24.18,1.28,5.98,0.0,OK
2026-09-09T09:32:15.410425+00:00,2026-09-09T07:40:32.556492+00:00,atelier,smartmonitor/atelier/state,36,POWER_ON,-49,70212,53036,53236,24.18,1.28,5.98,0.0,OK
2026-09-09T09:33:15.405406+00:00,2026-09-09T07:40:32.556492+00:00,atelier,smartmonitor/atelier/state,36,POWER_ON,-49,70212,53036,53236,24.18,1.28,5.98,0.0,OK
2026-09-09T09:34:15.415295+00:00,2026-09-09T07:40:32.556492+00:00,atelier,smartmonitor/atelier/state,36,POWER_ON,-49,70212,53036,53236,24.18,1.28,5.98,0.0,OK
2026-09-09T09:35:15.410339+00:00,2026-09-09T07:40:32.556492+00:00,atelier,smartmonitor/atelier/state,36,POWER_ON,-49,70212,53036,53236,24.18,1.28,5.98,0.0,OK
2026-09-09T09:36:15.417430+00:00,2026-09-09T07:40:32.556492+00:00,atelier,smartmonitor/atelier/state,36,POWER_ON,-49,70212,53036,53236,24.18,1.28,5.98,0.0,OK
2026-09-09T09:37:15.415527+00:00,2026-09-09T07:40:32.556492+00:00,atelier,smartmonitor/atelier/state,36,POWER_ON,-49,70212,53036,53236,24.18,1.28,5.98,0.0,OK
2026-09-09T09:38:15.410163+00:00,2026-09-09T07:40:32.556492+00:00,atelier,smartmonitor/atelier/state,36,POWER_ON,-49,70212,53036,53236,24.18,1.28,5.98,0.0,OK
2026-09-09T09:39:15.406657+00:00,2026-09-09T07:40:32.556492+00:00,atelier,smartmonitor/atelier/state,36,POWER_ON,-49,70212,53036,53236,24.18,1.28,5.98,0.0,OK
2026-09-09T09:40:15.408744+00:00,2026-09-09T07:40:32.556492+00:00,atelier,smartmonitor/atelier/state,36,POWER_ON,-49,70212,53036,53236,24.18,1.28,5.98,0.0,OK
2026-09-09T09:41:15.414112+00:00,2026-09-09T07:40:32.556492+00:00,atelier,smartmonitor/atelier/state,36,POWER_ON,-49,70212,53036,53236,24.18,1.28,5.98,0.0,OK
2026-09-09T09:42:15.405427+00:00,2026-09-09T07:40:32.556492+00:00,atelier,smartmonitor/atelier/state,36,POWER_ON,-49,70212,53036,53236,24.18,1.28,5.98,0.0,OK
2026-09-09T09:43:15.412810+00:00,2026-09-09T07:40:32.556492+00:00,atelier,smartmonitor/atelier/state,36,POWER_ON,-49,70212,53036,53236,24.18,1.28,5.98,0.0,OK
2026-09-09T09:44:15.414097+00:00,2026-09-09T07:40:32.556492+00:00,atelier,smartmonitor/atelier/state,36,POWER_ON,-49,70212,53036,53236,24.18,1.28,5.98,0.0,OK
2026-09-09T09:45:15.418613+00:00,2026-09-09T07:40:32.556492+00:00,atelier,smartmonitor/atelier/state,36,POWER_ON,-49,70212,53036,53236,24.18,1.28,5.98,0.0,OK
2026-09-09T09:46:15.411991+00:00,2026-09-09T07:40:32.556492+00:00,atelier,smartmonitor/atelier/state,36,POWER_ON,-49,70212,53036,53236,24.18,1.28,5.98,0.0,OK
2026-09-09T09:47:15.421081+00:00,2026-09-09T07:40:32.556492+00:00,atelier,smartmonitor/atelier/state,36,POWER_ON,-49,70212,53036,53236,24.18,1.28,5.98,0.0,OK
2026-09-09T09:48:15.424611+00:00,2026-09-09T07:40:32.556492+00:00,atelier,smartmonitor/atelier/state,36,POWER_ON,-49,70212,53036,53236,24.18,1.28,5.98,0.0,OK
2026-09-09T09:49:15.428727+00:00,2026-09-09T07:40:32.556492+00:00,atelier,smartmonitor/atelier/state,36,POWER_ON,-49,70212,53036,53236,24.18,1.28,5.98,0.0,OK
2026-09-09T09:50:15.428775+00:00,2026-09-09T07:40:32.556492+00:00,atelier,smartmonitor/atelier/state,36,POWER_ON,-49,70212,53036,53236,24.18,1.28,5.98,0.0,OK
2026-09-09T09:52:58.606814+00:00,2026-09-09T07:40:32.556492+00:00,atelier,smartmonitor/atelier/state,36,POWER_ON,-49,70212,53036,53236,24.18,1.28,5.98,0.0,OK
2026-09-09T09:53:58.594685+00:00,2026-09-09T07:40:32.556492+00:00,atelier,smartmonitor/atelier/state,36,POWER_ON,-49,70212,53036,53236,24.18,1.28,5.98,0.0,OK
2026-09-09T09:54:58.605795+00:00,2026-09-09T07:40:32.556492+00:00,atelier,smartmonitor/atelier/state,36,POWER_ON,-49,70212,53036,53236,24.18,1.28,5.98,0.0,OK
2026-09-09T09:55:58.606377+00:00,2026-09-09T07:40:32.556492+00:00,atelier,smartmonitor/atelier/state,36,POWER_ON,-49,70212,53036,53236,24.18,1.28,5.98,0.0,OK
2026-09-09T09:57:42.504178+00:00,2026-09-09T07:40:32.556492+00:00,atelier,smartmonitor/atelier/state,36,POWER_ON,-49,70212,53036,53236,24.18,1.28,5.98,0.0,OK
2026-09-09T09:58:42.507821+00:00,2026-09-09T07:40:32.556492+00:00,atelier,smartmonitor/atelier/state,36,POWER_ON,-49,70212,53036,53236,24.18,1.28,5.98,0.0,OK
2026-09-09T09:59:42.510552+00:00,2026-09-09T07:40:32.556492+00:00,atelier,smartmonitor/atelier/state,36,POWER_ON,-49,70212,53036,53236,24.18,1.28,5.98,0.0,OK
2026-09-09T10:00:42.503204+00:00,2026-09-09T07:40:32.556492+00:00,atelier,smartmonitor/atelier/state,36,POWER_ON,-49,70212,53036,53236,24.18,1.28,5.98,0.0,OK
2026-09-09T10:03:05.080946+00:00,2026-09-09T07:40:32.556492+00:00,atelier,smartmonitor/atelier/state,36,POWER_ON,-49,70212,53036,53236,24.18,1.28,5.98,0.0,OK
2026-09-09T10:04:05.089383+00:00,2026-09-09T07:40:32.556492+00:00,atelier,smartmonitor/atelier/state,36,POWER_ON,-49,70212,53036,53236,24.18,1.28,5.98,0.0,OK
2026-09-09T10:08:02.391903+00:00,2026-09-09T07:40:32.556492+00:00,atelier,smartmonitor/atelier/state,36,POWER_ON,-49,70212,53036,53236,24.18,1.28,5.98,0.0,OK
2026-09-09T10:09:46.977073+00:00,2026-09-09T07:40:32.556492+00:00,atelier,smartmonitor/atelier/state,36,POWER_ON,-49,70212,53036,53236,24.18,1.28,5.98,0.0,OK
2026-09-09T10:10:46.980732+00:00,2026-09-09T07:40:32.556492+00:00,atelier,smartmonitor/atelier/state,36,POWER_ON,-49,70212,53036,53236,24.18,1.28,5.98,0.0,OK
2026-09-09T10:11:46.972939+00:00,2026-09-09T07:40:32.556492+00:00,atelier,smartmonitor/atelier/state,36,POWER_ON,-49,70212,53036,53236,24.18,1.28,5.98,0.0,OK
2026-09-09T10:12:46.978444+00:00,2026-09-09T07:40:32.556492+00:00,atelier,smartmonitor/atelier/state,36,POWER_ON,-49,70212,53036,53236,24.18,1.28,5.98,0.0,OK
2026-09-09T10:13:46.978613+00:00,2026-09-09T07:40:32.556492+00:00,atelier,smartmonitor/atelier/state,36,POWER_ON,-49,70212,53036,53236,24.18,1.28,5.98,0.0,OK
2026-09-09T10:14:46.974182+00:00,2026-09-09T07:40:32.556492+00:00,atelier,smartmonitor/atelier/state,36,POWER_ON,-49,70212,53036,53236,24.18,1.28,5.98,0.0,OK
2026-09-09T10:15:46.975220+00:00,2026-09-09T07:40:32.556492+00:00,atelier,smartmonitor/atelier/state,36,POWER_ON,-49,70212,53036,53236,24.18,1.28,5.98,0.0,OK
2026-09-09T10:16:46.979734+00:00,2026-09-09T07:40:32.556492+00:00,atelier,smartmonitor/atelier/state,36,POWER_ON,-49,70212,53036,53236,24.18,1.28,5.98,0.0,OK
2026-09-09T10:17:46.972159+00:00,2026-09-09T07:40:32.556492+00:00,atelier,smartmonitor/atelier/state,36,POWER_ON,-49,70212,53036,53236,24.18,1.28,5.98,0.0,OK
2026-09-09T10:18:46.982170+00:00,2026-09-09T07:40:32.556492+00:00,atelier,smartmonitor/atelier/state,36,POWER_ON,-49,70212,53036,53236,24.18,1.28,5.98,0.0,OK
2026-09-09T10:19:46.968214+00:00,2026-09-09T07:40:32.556492+00:00,atelier,smartmonitor/atelier/state,36,POWER_ON,-49,70212,53036,53236,24.18,1.28,5.98,0.0,OK
2026-09-09T10:20:46.972330+00:00,2026-09-09T07:40:32.556492+00:00,atelier,smartmonitor/atelier/state,36,POWER_ON,-49,70212,53036,53236,24.18,1.28,5.98,0.0,OK
2026-09-09T10:21:46.968440+00:00,2026-09-09T07:40:32.556492+00:00,atelier,smartmonitor/atelier/state,36,POWER_ON,-49,70212,53036,53236,24.18,1.28,5.98,0.0,OK
2026-09-09T10:22:46.983780+00:00,2026-09-09T07:40:32.556492+00:00,atelier,smartmonitor/atelier/state,36,POWER_ON,-49,70212,53036,53236,24.18,1.28,5.98,0.0,OK
2026-09-09T10:23:46.990175+00:00,2026-09-09T07:40:32.556492+00:00,atelier,smartmonitor/atelier/state,36,POWER_ON,-49,70212,53036,53236,24.18,1.28,5.98,0.0,OK
2026-09-09T10:24:46.989297+00:00,2026-09-09T07:40:32.556492+00:00,atelier,smartmonitor/atelier/state,36,POWER_ON,-49,70212,53036,53236,24.18,1.28,5.98,0.0,OK
2026-09-09T10:25:46.994732+00:00,2026-09-09T07:40:32.556492+00:00,atelier,smartmonitor/atelier/state,36,POWER_ON,-49,70212,53036,53236,24.18,1.28,5.98,0.0,OK
2026-09-09T10:26:46.986866+00:00,2026-09-09T07:40:32.556492+00:00,atelier,smartmonitor/atelier/state,36,POWER_ON,-49,70212,53036,53236,24.18,1.28,5.98,0.0,OK
2026-09-09T10:27:46.990011+00:00,2026-09-09T07:40:32.556492+00:00,atelier,smartmonitor/atelier/state,36,POWER_ON,-49,70212,53036,53236,24.18,1.28,5.98,0.0,OK
2026-09-09T10:28:46.994861+00:00,2026-09-09T07:40:32.556492+00:00,atelier,smartmonitor/atelier/state,36,POWER_ON,-49,70212,53036,53236,24.18,1.28,5.98,0.0,OK
2026-09-09T10:29:46.993898+00:00,2026-09-09T07:40:32.556492+00:00,atelier,smartmonitor/atelier/state,36,POWER_ON,-49,70212,53036,53236,24.18,1.28,5.98,0.0,OK
2026-09-09T10:30:46.989762+00:00,2026-09-09T07:40:32.556492+00:00,atelier,smartmonitor/atelier/state,36,POWER_ON,-49,70212,53036,53236,24.18,1.28,5.98,0.0,OK
2026-09-09T10:31:46.990918+00:00,2026-09-09T07:40:32.556492+00:00,atelier,smartmonitor/atelier/state,36,POWER_ON,-49,70212,53036,53236,24.18,1.28,5.98,0.0,OK
2026-09-09T10:32:46.999096+00:00,2026-09-09T07:40:32.556492+00:00,atelier,smartmonitor/atelier/state,36,POWER_ON,-49,70212,53036,53236,24.18,1.28,5.98,0.0,OK
2026-09-09T10:33:47.010574+00:00,2026-09-09T07:40:32.556492+00:00,atelier,smartmonitor/atelier/state,36,POWER_ON,-49,70212,53036,53236,24.18,1.28,5.98,0.0,OK
2026-09-09T10:34:47.010384+00:00,2026-09-09T07:40:32.556492+00:00,atelier,smartmonitor/atelier/state,36,POWER_ON,-49,70212,53036,53236,24.18,1.28,5.98,0.0,OK
2026-09-09T10:35:47.004869+00:00,2026-09-09T07:40:32.556492+00:00,atelier,smartmonitor/atelier/state,36,POWER_ON,-49,70212,53036,53236,24.18,1.28,5.98,0.0,OK
2026-09-09T10:36:47.007201+00:00,2026-09-09T07:40:32.556492+00:00,atelier,smartmonitor/atelier/state,36,POWER_ON,-49,70212,53036,53236,24.18,1.28,5.98,0.0,OK
2026-09-09T10:37:47.015573+00:00,2026-09-09T07:40:32.556492+00:00,atelier,smartmonitor/atelier/state,36,POWER_ON,-49,70212,53036,53236,24.18,1.28,5.98,0.0,OK
2026-09-09T10:38:47.020706+00:00,2026-09-09T07:40:32.556492+00:00,atelier,smartmonitor/atelier/state,36,POWER_ON,-49,70212,53036,53236,24.18,1.28,5.98,0.0,OK
2026-09-09T10:39:47.030826+00:00,2026-09-09T07:40:32.556492+00:00,atelier,smartmonitor/atelier/state,36,POWER_ON,-49,70212,53036,53236,24.18,1.28,5.98,0.0,OK
2026-09-09T10:40:47.038707+00:00,2026-09-09T07:40:32.556492+00:00,atelier,smartmonitor/atelier/state,36,POWER_ON,-49,70212,53036,53236,24.18,1.28,5.98,0.0,OK
2026-09-09T10:41:47.043369+00:00,2026-09-09T07:40:32.556492+00:00,atelier,smartmonitor/atelier/state,36,POWER_ON,-49,70212,53036,53236,24.18,1.28,5.98,0.0,OK
2026-09-09T10:46:46.196225+00:00,2026-09-09T07:40:32.556492+00:00,atelier,smartmonitor/atelier/state,36,POWER_ON,-49,70212,53036,53236,24.18,1.28,5.98,0.0,OK
2026-09-09T10:47:46.201159+00:00,2026-09-09T07:40:32.556492+00:00,atelier,smartmonitor/atelier/state,36,POWER_ON,-49,70212,53036,53236,24.18,1.28,5.98,0.0,OK
2026-09-09T10:48:46.198566+00:00,2026-09-09T07:40:32.556492+00:00,atelier,smartmonitor/atelier/state,36,POWER_ON,-49,70212,53036,53236,24.18,1.28,5.98,0.0,OK
2026-09-09T10:49:46.199118+00:00,2026-09-09T07:40:32.556492+00:00,atelier,smartmonitor/atelier/state,36,POWER_ON,-49,70212,53036,53236,24.18,1.28,5.98,0.0,OK
2026-09-09T10:50:46.189522+00:00,2026-09-09T07:40:32.556492+00:00,atelier,smartmonitor/atelier/state,36,POWER_ON,-49,70212,53036,53236,24.18,1.28,5.98,0.0,OK
2026-09-09T10:51:46.194041+00:00,2026-09-09T07:40:32.556492+00:00,atelier,smartmonitor/atelier/state,36,POWER_ON,-49,70212,53036,53236,24.18,1.28,5.98,0.0,OK
2026-09-09T10:52:46.198035+00:00,2026-09-09T07:40:32.556492+00:00,atelier,smartmonitor/atelier/state,36,POWER_ON,-49,70212,53036,53236,24.18,1.28,5.98,0.0,OK
2026-09-09T10:53:46.191057+00:00,2026-09-09T07:40:32.556492+00:00,atelier,smartmonitor/atelier/state,36,POWER_ON,-49,70212,53036,53236,24.18,1.28,5.98,0.0,OK
2026-09-09T10:54:46.200559+00:00,2026-09-09T07:40:32.556492+00:00,atelier,smartmonitor/atelier/state,36,POWER_ON,-49,70212,53036,53236,24.18,1.28,5.98,0.0,OK
2026-09-09T10:55:46.187747+00:00,2026-09-09T07:40:32.556492+00:00,atelier,smartmonitor/atelier/state,36,POWER_ON,-49,70212,53036,53236,24.18,1.28,5.98,0.0,OK
2026-09-09T10:56:46.194197+00:00,2026-09-09T07:40:32.556492+00:00,atelier,smartmonitor/atelier/state,36,POWER_ON,-49,70212,53036,53236,24.18,1.28,5.98,0.0,OK
2026-09-09T10:57:46.186583+00:00,2026-09-09T07:40:32.556492+00:00,atelier,smartmonitor/atelier/state,36,POWER_ON,-49,70212,53036,53236,24.18,1.28,5.98,0.0,OK
2026-09-09T10:58:46.195353+00:00,2026-09-09T07:40:32.556492+00:00,atelier,smartmonitor/atelier/state,36,POWER_ON,-49,70212,53036,53236,24.18,1.28,5.98,0.0,OK
2026-09-09T10:59:46.201259+00:00,2026-09-09T07:40:32.556492+00:00,atelier,smartmonitor/atelier/state,36,POWER_ON,-49,70212,53036,53236,24.18,1.28,5.98,0.0,OK
2026-09-09T11:00:46.201967+00:00,2026-09-09T07:40:32.556492+00:00,atelier,smartmonitor/atelier/state,36,POWER_ON,-49,70212,53036,53236,24.18,1.28,5.98,0.0,OK
2026-09-09T11:01:46.211125+00:00,2026-09-09T07:40:32.556492+00:00,atelier,smartmonitor/atelier/state,36,POWER_ON,-49,70212,53036,53236,24.18,1.28,5.98,0.0,OK
2026-09-09T11:02:46.214138+00:00,2026-09-09T07:40:32.556492+00:00,atelier,smartmonitor/atelier/state,36,POWER_ON,-49,70212,53036,53236,24.18,1.28,5.98,0.0,OK
2026-09-09T11:03:46.211261+00:00,2026-09-09T07:40:32.556492+00:00,atelier,smartmonitor/atelier/state,36,POWER_ON,-49,70212,53036,53236,24.18,1.28,5.98,0.0,OK
2026-09-09T11:04:46.205787+00:00,2026-09-09T07:40:32.556492+00:00,atelier,smartmonitor/atelier/state,36,POWER_ON,-49,70212,53036,53236,24.18,1.28,5.98,0.0,OK
2026-09-09T11:05:46.205263+00:00,2026-09-09T07:40:32.556492+00:00,atelier,smartmonitor/atelier/state,36,POWER_ON,-49,70212,53036,53236,24.18,1.28,5.98,0.0,OK
2026-09-09T11:06:46.212682+00:00,2026-09-09T07:40:32.556492+00:00,atelier,smartmonitor/atelier/state,36,POWER_ON,-49,70212,53036,53236,24.18,1.28,5.98,0.0,OK
2026-09-09T11:07:46.204003+00:00,2026-09-09T07:40:32.556492+00:00,atelier,smartmonitor/atelier/state,36,POWER_ON,-49,70212,53036,53236,24.18,1.28,5.98,0.0,OK
2026-09-09T11:08:46.209366+00:00,2026-09-09T07:40:32.556492+00:00,atelier,smartmonitor/atelier/state,36,POWER_ON,-49,70212,53036,53236,24.18,1.28,5.98,0.0,OK
2026-09-09T11:09:46.217637+00:00,2026-09-09T07:40:32.556492+00:00,atelier,smartmonitor/atelier/state,36,POWER_ON,-49,70212,53036,53236,24.18,1.28,5.98,0.0,OK
2026-09-09T11:10:46.228990+00:00,2026-09-09T07:40:32.556492+00:00,atelier,smartmonitor/atelier/state,36,POWER_ON,-49,70212,53036,53236,24.18,1.28,5.98,0.0,OK
2026-09-09T11:11:46.219972+00:00,2026-09-09T07:40:32.556492+00:00,atelier,smartmonitor/atelier/state,36,POWER_ON,-49,70212,53036,53236,24.18,1.28,5.98,0.0,OK
2026-09-09T11:12:46.230660+00:00,2026-09-09T07:40:32.556492+00:00,atelier,smartmonitor/atelier/state,36,POWER_ON,-49,70212,53036,53236,24.18,1.28,5.98,0.0,OK
2026-09-09T11:13:46.228125+00:00,2026-09-09T07:40:32.556492+00:00,atelier,smartmonitor/atelier/state,36,POWER_ON,-49,70212,53036,53236,24.18,1.28,5.98,0.0,OK
2026-09-09T11:14:46.221058+00:00,2026-09-09T07:40:32.556492+00:00,atelier,smartmonitor/atelier/state,36,POWER_ON,-49,70212,53036,53236,24.18,1.28,5.98,0.0,OK
2026-09-09T11:15:46.218099+00:00,2026-09-09T07:40:32.556492+00:00,atelier,smartmonitor/atelier/state,36,POWER_ON,-49,70212,53036,53236,24.18,1.28,5.98,0.0,OK
2026-09-09T11:16:46.232564+00:00,2026-09-09T07:40:32.556492+00:00,atelier,smartmonitor/atelier/state,36,POWER_ON,-49,70212,53036,53236,24.18,1.28,5.98,0.0,OK
2026-09-09T11:17:46.227305+00:00,2026-09-09T07:40:32.556492+00:00,atelier,smartmonitor/atelier/state,36,POWER_ON,-49,70212,53036,53236,24.18,1.28,5.98,0.0,OK
2026-09-09T11:18:46.228175+00:00,2026-09-09T07:40:32.556492+00:00,atelier,smartmonitor/atelier/state,36,POWER_ON,-49,70212,53036,53236,24.18,1.28,5.98,0.0,OK
2026-09-09T11:19:46.224895+00:00,2026-09-09T07:40:32.556492+00:00,atelier,smartmonitor/atelier/state,36,POWER_ON,-49,70212,53036,53236,24.18,1.28,5.98,0.0,OK
2026-09-09T11:20:46.219706+00:00,2026-09-09T07:40:32.556492+00:00,atelier,smartmonitor/atelier/state,36,POWER_ON,-49,70212,53036,53236,24.18,1.28,5.98,0.0,OK
2026-09-09T11:21:46.217838+00:00,2026-09-09T07:40:32.556492+00:00,atelier,smartmonitor/atelier/state,36,POWER_ON,-49,70212,53036,53236,24.18,1.28,5.98,0.0,OK
2026-09-09T11:22:46.228705+00:00,2026-09-09T07:40:32.556492+00:00,atelier,smartmonitor/atelier/state,36,POWER_ON,-49,70212,53036,53236,24.18,1.28,5.98,0.0,OK
2026-09-09T11:23:46.228732+00:00,2026-09-09T07:40:32.556492+00:00,atelier,smartmonitor/atelier/state,36,POWER_ON,-49,70212,53036,53236,24.18,1.28,5.98,0.0,OK
2026-09-09T11:24:46.224464+00:00,2026-09-09T07:40:32.556492+00:00,atelier,smartmonitor/atelier/state,36,POWER_ON,-49,70212,53036,53236,24.18,1.28,5.98,0.0,OK
2026-09-09T11:25:46.220887+00:00,2026-09-09T07:40:32.556492+00:00,atelier,smartmonitor/atelier/state,36,POWER_ON,-49,70212,53036,53236,24.18,1.28,5.98,0.0,OK
2026-09-09T11:26:46.221673+00:00,2026-09-09T07:40:32.556492+00:00,atelier,smartmonitor/atelier/state,36,POWER_ON,-49,70212,53036,53236,24.18,1.28,5.98,0.0,OK
2026-09-09T11:27:46.230658+00:00,2026-09-09T07:40:32.556492+00:00,atelier,smartmonitor/atelier/state,36,POWER_ON,-49,70212,53036,53236,24.18,1.28,5.98,0.0,OK
2026-09-09T11:28:46.226414+00:00,2026-09-09T07:40:32.556492+00:00,atelier,smartmonitor/atelier/state,36,POWER_ON,-49,70212,53036,53236,24.18,1.28,5.98,0.0,OK
2026-09-09T11:29:46.228937+00:00,2026-09-09T07:40:32.556492+00:00,atelier,smartmonitor/atelier/state,36,POWER_ON,-49,70212,53036,53236,24.18,1.28,5.98,0.0,OK
2026-09-09T11:30:46.218306+00:00,2026-09-09T07:40:32.556492+00:00,atelier,smartmonitor/atelier/state,36,POWER_ON,-49,70212,53036,53236,24.18,1.28,5.98,0.0,OK
2026-09-09T11:31:46.226007+00:00,2026-09-09T07:40:32.556492+00:00,atelier,smartmonitor/atelier/state,36,POWER_ON,-49,70212,53036,53236,24.18,1.28,5.98,0.0,OK
2026-09-09T11:32:46.220542+00:00,2026-09-09T07:40:32.556492+00:00,atelier,smartmonitor/atelier/state,36,POWER_ON,-49,70212,53036,53236,24.18,1.28,5.98,0.0,OK
2026-09-09T11:33:46.218339+00:00,2026-09-09T07:40:32.556492+00:00,atelier,smartmonitor/atelier/state,36,POWER_ON,-49,70212,53036,53236,24.18,1.28,5.98,0.0,OK
2026-09-09T11:34:46.228064+00:00,2026-09-09T07:40:32.556492+00:00,atelier,smartmonitor/atelier/state,36,POWER_ON,-49,70212,53036,53236,24.18,1.28,5.98,0.0,OK
2026-09-09T11:35:46.225556+00:00,2026-09-09T07:40:32.556492+00:00,atelier,smartmonitor/atelier/state,36,POWER_ON,-49,70212,53036,53236,24.18,1.28,5.98,0.0,OK
2026-09-09T11:36:46.229344+00:00,2026-09-09T07:40:32.556492+00:00,atelier,smartmonitor/atelier/state,36,POWER_ON,-49,70212,53036,53236,24.18,1.28,5.98,0.0,OK
2026-09-09T11:37:46.225839+00:00,2026-09-09T07:40:32.556492+00:00,atelier,smartmonitor/atelier/state,36,POWER_ON,-49,70212,53036,53236,24.18,1.28,5.98,0.0,OK
2026-09-09T11:38:46.224938+00:00,2026-09-09T07:40:32.556492+00:00,atelier,smartmonitor/atelier/state,36,POWER_ON,-49,70212,53036,53236,24.18,1.28,5.98,0.0,OK
2026-09-09T11:39:46.227348+00:00,2026-09-09T07:40:32.556492+00:00,atelier,smartmonitor/atelier/state,36,POWER_ON,-49,70212,53036,53236,24.18,1.28,5.98,0.0,OK
2026-09-09T11:40:46.220097+00:00,2026-09-09T07:40:32.556492+00:00,atelier,smartmonitor/atelier/state,36,POWER_ON,-49,70212,53036,53236,24.18,1.28,5.98,0.0,OK
2026-09-09T11:41:46.222936+00:00,2026-09-09T07:40:32.556492+00:00,atelier,smartmonitor/atelier/state,36,POWER_ON,-49,70212,53036,53236,24.18,1.28,5.98,0.0,OK
2026-09-09T11:42:46.223325+00:00,2026-09-09T07:40:32.556492+00:00,atelier,smartmonitor/atelier/state,36,POWER_ON,-49,70212,53036,53236,24.18,1.28,5.98,0.0,OK
2026-09-09T11:43:46.230533+00:00,2026-09-09T07:40:32.556492+00:00,atelier,smartmonitor/atelier/state,36,POWER_ON,-49,70212,53036,53236,24.18,1.28,5.98,0.0,OK
2026-09-09T11:44:46.228568+00:00,2026-09-09T07:40:32.556492+00:00,atelier,smartmonitor/atelier/state,36,POWER_ON,-49,70212,53036,53236,24.18,1.28,5.98,0.0,OK
2026-09-09T11:45:46.225182+00:00,2026-09-09T07:40:32.556492+00:00,atelier,smartmonitor/atelier/state,36,POWER_ON,-49,70212,53036,53236,24.18,1.28,5.98,0.0,OK
2026-09-09T11:46:46.222314+00:00,2026-09-09T07:40:32.556492+00:00,atelier,smartmonitor/atelier/state,36,POWER_ON,-49,70212,53036,53236,24.18,1.28,5.98,0.0,OK
2026-09-09T11:47:46.230666+00:00,2026-09-09T07:40:32.556492+00:00,atelier,smartmonitor/atelier/state,36,POWER_ON,-49,70212,53036,53236,24.18,1.28,5.98,0.0,OK
2026-09-09T11:48:46.218303+00:00,2026-09-09T07:40:32.556492+00:00,atelier,smartmonitor/atelier/state,36,POWER_ON,-49,70212,53036,53236,24.18,1.28,5.98,0.0,OK
2026-09-09T11:49:46.226673+00:00,2026-09-09T07:40:32.556492+00:00,atelier,smartmonitor/atelier/state,36,POWER_ON,-49,70212,53036,53236,24.18,1.28,5.98,0.0,OK
2026-09-09T11:50:46.218686+00:00,2026-09-09T07:40:32.556492+00:00,atelier,smartmonitor/atelier/state,36,POWER_ON,-49,70212,53036,53236,24.18,1.28,5.98,0.0,OK
2026-09-09T11:51:46.218769+00:00,2026-09-09T07:40:32.556492+00:00,atelier,smartmonitor/atelier/state,36,POWER_ON,-49,70212,53036,53236,24.18,1.28,5.98,0.0,OK
2026-09-09T11:52:46.229206+00:00,2026-09-09T11:52:10.206519+00:00,atelier,smartmonitor/atelier/state,67,POWER_ON,-46,71700,59336,51188,28.61,-0.81,-5.19,3.85,OK
2026-09-09T11:53:46.228450+00:00,2026-09-09T11:53:44.929108+00:00,atelier,smartmonitor/atelier/state,68,POWER_ON,-60,71032,61180,53236,25.05,0.13,-8.46,0.0,OK
2026-09-09T11:54:46.219915+00:00,2026-09-09T11:54:44.732851+00:00,atelier,smartmonitor/atelier/state,68,POWER_ON,-53,71388,61180,53236,25.43,-0.37,-8.46,0.0,OK
2026-09-09T11:55:46.225967+00:00,2026-09-09T11:55:44.837252+00:00,atelier,smartmonitor/atelier/state,68,POWER_ON,-55,71388,61180,53236,25.43,-0.37,-8.46,0.0,OK
2026-09-09T11:56:46.229617+00:00,2026-09-09T11:56:34.091205+00:00,atelier,smartmonitor/atelier/state,68,POWER_ON,-49,71388,61180,53236,25.43,-0.37,-8.46,0.0,OK
2026-09-09T11:57:46.223794+00:00,2026-09-09T11:57:40.144748+00:00,atelier,smartmonitor/atelier/state,69,POWER_ON,-62,70844,61208,53236,24.85,0.39,-8.51,0.0,OK
2026-09-09T11:58:46.226158+00:00,2026-09-09T11:57:40.144748+00:00,atelier,smartmonitor/atelier/state,69,POWER_ON,-62,70844,61208,53236,24.85,0.39,-8.51,0.0,OK
2026-09-09T11:59:46.231939+00:00,2026-09-09T11:59:37.904534+00:00,atelier,smartmonitor/atelier/state,70,POWER_ON,-52,71084,61288,53236,25.11,0.06,-8.65,0.0,OK
2026-09-09T12:00:46.230972+00:00,2026-09-09T12:00:38.242445+00:00,atelier,smartmonitor/atelier/state,70,POWER_ON,-55,71392,61288,53236,25.43,-0.38,-8.65,0.0,OK
2026-09-09T12:01:46.218667+00:00,2026-09-09T12:01:38.735955+00:00,atelier,smartmonitor/atelier/state,70,POWER_ON,-59,71392,61288,53236,25.43,-0.38,-8.65,0.0,OK
2026-09-09T12:03:06.785112+00:00,2026-09-09T12:02:15.085942+00:00,atelier,smartmonitor/atelier/state,70,POWER_ON,-58,71392,61288,53236,25.43,-0.38,-8.65,0.0,OK
2026-09-09T12:04:06.789806+00:00,2026-09-09T12:04:03.948929+00:00,atelier,smartmonitor/atelier/state,70,POWER_ON,-53,71392,61288,53236,25.43,-0.38,-8.65,0.0,OK
2026-09-09T12:05:06.791911+00:00,2026-09-09T12:05:04.546187+00:00,atelier,smartmonitor/atelier/state,70,POWER_ON,-52,71084,61288,53236,25.11,0.06,-8.65,0.0,OK
2026-09-09T12:06:06.782497+00:00,2026-09-09T12:05:52.477881+00:00,atelier,smartmonitor/atelier/state,70,POWER_ON,-51,71392,61288,53236,25.43,-0.38,-8.65,0.0,OK
2026-09-09T12:07:06.785469+00:00,2026-09-09T12:07:04.995087+00:00,atelier,smartmonitor/atelier/state,70,POWER_ON,-52,71392,61288,53236,25.43,-0.38,-8.65,0.0,OK
2026-09-09T12:08:06.795291+00:00,2026-09-09T12:08:05.509227+00:00,atelier,smartmonitor/atelier/state,70,POWER_ON,-50,71084,61288,53236,25.11,0.06,-8.65,0.0,OK
2026-09-09T12:09:06.794747+00:00,2026-09-09T12:09:06.005961+00:00,atelier,smartmonitor/atelier/state,70,POWER_ON,-52,71392,61288,53236,25.43,-0.38,-8.65,0.0,OK
2026-09-09T12:10:06.785514+00:00,2026-09-09T12:10:06.534921+00:00,atelier,smartmonitor/atelier/state,70,POWER_ON,-49,71392,61288,53236,25.43,-0.38,-8.65,0.0,OK
2026-09-09T12:11:06.792633+00:00,2026-09-09T12:10:54.981402+00:00,atelier,smartmonitor/atelier/state,70,POWER_ON,-49,71392,61288,53236,25.43,-0.38,-8.65,0.0,OK
2026-09-09T12:12:06.789472+00:00,2026-09-09T12:11:55.480954+00:00,atelier,smartmonitor/atelier/state,70,POWER_ON,-55,71392,61288,53236,25.43,-0.38,-8.65,0.0,OK
2026-09-09T12:14:54.362660+00:00,2026-09-09T12:12:19.769373+00:00,atelier,smartmonitor/atelier/state,70,POWER_ON,-52,71084,61288,53236,25.11,0.06,-8.65,0.0,OK
2026-09-09T12:15:54.366159+00:00,2026-09-09T12:15:45.385246+00:00,atelier,smartmonitor/atelier/state,70,POWER_ON,-50,71392,61288,53236,25.43,-0.38,-8.65,0.0,OK
2026-09-09T12:22:43.668431+00:00,2026-09-09T12:15:57.480719+00:00,atelier,smartmonitor/atelier/state,70,POWER_ON,-50,71084,61288,53236,25.11,0.06,-8.65,0.0,OK
2026-09-09T12:23:43.657370+00:00,2026-09-09T12:23:37.338715+00:00,atelier,smartmonitor/atelier/state,70,POWER_ON,-50,71392,61288,53236,25.43,-0.38,-8.65,0.0,OK
2026-09-09T12:24:43.662570+00:00,2026-09-09T12:24:37.862916+00:00,atelier,smartmonitor/atelier/state,70,POWER_ON,-49,71392,61288,53236,25.43,-0.38,-8.65,0.0,OK
2026-09-09T12:25:43.661216+00:00,2026-09-09T12:25:38.375663+00:00,atelier,smartmonitor/atelier/state,70,POWER_ON,-54,71084,61288,53236,25.11,0.06,-8.65,0.0,OK
2026-09-09T12:26:43.668001+00:00,2026-09-09T12:26:38.797838+00:00,atelier,smartmonitor/atelier/state,70,POWER_ON,-51,71392,61288,53236,25.43,-0.38,-8.65,0.0,OK
2026-09-09T12:27:43.657468+00:00,2026-09-09T12:27:39.303884+00:00,atelier,smartmonitor/atelier/state,70,POWER_ON,-51,71392,61288,53236,25.43,-0.38,-8.65,0.0,OK
2026-09-09T12:28:43.663861+00:00,2026-09-09T12:28:39.926407+00:00,atelier,smartmonitor/atelier/state,70,POWER_ON,-54,71084,61288,53236,25.11,0.06,-8.65,0.0,OK
2026-09-09T12:29:43.658658+00:00,2026-09-09T12:29:40.341009+00:00,atelier,smartmonitor/atelier/state,70,POWER_ON,-50,71392,61288,53236,25.43,-0.38,-8.65,0.0,OK
2026-09-09T12:30:43.657721+00:00,2026-09-09T12:30:32.457568+00:00,atelier,smartmonitor/atelier/state,70,POWER_ON,-57,71392,61288,53236,25.43,-0.38,-8.65,0.0,OK
2026-09-09T12:31:43.667655+00:00,2026-09-09T12:31:32.984555+00:00,atelier,smartmonitor/atelier/state,70,POWER_ON,-54,71392,61288,53236,25.43,-0.38,-8.65,0.0,OK
2026-09-09T12:32:43.663715+00:00,2026-09-09T12:32:33.610527+00:00,atelier,smartmonitor/atelier/state,70,POWER_ON,-54,71084,61288,53236,25.11,0.06,-8.65,0.0,OK
2026-09-09T12:33:43.658880+00:00,2026-09-09T12:33:34.016281+00:00,atelier,smartmonitor/atelier/state,70,POWER_ON,-54,71392,61288,53236,25.43,-0.38,-8.65,0.0,OK
2026-09-09T12:34:43.667117+00:00,2026-09-09T12:34:34.529677+00:00,atelier,smartmonitor/atelier/state,70,POWER_ON,-51,71392,61288,53236,25.43,-0.38,-8.65,0.0,OK
2026-09-09T12:35:43.665039+00:00,2026-09-09T12:35:35.042867+00:00,atelier,smartmonitor/atelier/state,70,POWER_ON,-50,71084,61288,53236,25.11,0.06,-8.65,0.0,OK
2026-09-09T12:36:43.658641+00:00,2026-09-09T12:36:35.471291+00:00,atelier,smartmonitor/atelier/state,70,POWER_ON,-54,71392,61288,53236,25.43,-0.38,-8.65,0.0,OK
2026-09-09T12:37:43.664356+00:00,2026-09-09T12:37:35.979978+00:00,atelier,smartmonitor/atelier/state,70,POWER_ON,-50,71392,61288,53236,25.43,-0.38,-8.65,0.0,OK
2026-09-09T12:38:43.663409+00:00,2026-09-09T12:38:36.505840+00:00,atelier,smartmonitor/atelier/state,70,POWER_ON,-52,71084,61288,53236,25.11,0.06,-8.65,0.0,OK
2026-09-09T12:39:43.656127+00:00,2026-09-09T12:39:37.012905+00:00,atelier,smartmonitor/atelier/state,70,POWER_ON,-56,71392,61288,53236,25.43,-0.38,-8.65,0.0,OK
2026-09-09T12:40:43.658137+00:00,2026-09-09T12:40:37.535609+00:00,atelier,smartmonitor/atelier/state,70,POWER_ON,-54,71392,61008,53236,25.43,-0.38,-8.15,0.0,OK
2026-09-09T12:41:43.668992+00:00,2026-09-09T12:41:38.058257+00:00,atelier,smartmonitor/atelier/state,70,POWER_ON,-54,71084,61008,53236,25.11,0.06,-8.15,0.0,OK
2026-09-09T12:42:43.659758+00:00,2026-09-09T12:42:38.582978+00:00,atelier,smartmonitor/atelier/state,70,POWER_ON,-51,71392,61008,53236,25.43,-0.38,-8.15,0.0,OK
2026-09-09T12:43:43.668970+00:00,2026-09-09T12:43:39.089015+00:00,atelier,smartmonitor/atelier/state,70,POWER_ON,-61,71392,61008,53236,25.43,-0.38,-8.15,0.0,OK
2026-09-09T12:44:43.657362+00:00,2026-09-09T12:44:39.611780+00:00,atelier,smartmonitor/atelier/state,70,POWER_ON,-52,71084,61008,53236,25.11,0.06,-8.15,0.0,OK
2026-09-09T12:45:43.668259+00:00,2026-09-09T12:45:40.058900+00:00,atelier,smartmonitor/atelier/state,70,POWER_ON,-55,71392,61008,53236,25.43,-0.38,-8.15,0.0,OK
2026-09-09T12:46:43.665796+00:00,2026-09-09T12:46:40.571323+00:00,atelier,smartmonitor/atelier/state,70,POWER_ON,-51,71392,61008,53236,25.43,-0.38,-8.15,0.0,OK
2026-09-09T12:47:43.656850+00:00,2026-09-09T12:47:41.072943+00:00,atelier,smartmonitor/atelier/state,70,POWER_ON,-52,71084,61008,53236,25.11,0.06,-8.15,0.0,OK
2026-09-09T12:48:43.660213+00:00,2026-09-09T12:48:41.598472+00:00,atelier,smartmonitor/atelier/state,70,POWER_ON,-52,71392,61008,53236,25.43,-0.38,-8.15,0.0,OK
2026-09-09T12:49:43.660774+00:00,2026-09-09T12:49:42.101250+00:00,atelier,smartmonitor/atelier/state,70,POWER_ON,-48,71392,61008,53236,25.43,-0.38,-8.15,0.0,OK
2026-09-09T12:50:43.668925+00:00,2026-09-09T12:50:42.638713+00:00,atelier,smartmonitor/atelier/state,70,POWER_ON,-64,71072,61008,53236,25.1,0.07,-8.15,0.0,OK
2026-09-09T12:51:43.670281+00:00,2026-09-09T12:51:43.152142+00:00,atelier,smartmonitor/atelier/state,70,POWER_ON,-55,71392,61008,53236,25.43,-0.38,-8.15,0.0,OK
2026-09-09T12:52:43.667294+00:00,2026-09-09T12:52:31.503597+00:00,atelier,smartmonitor/atelier/state,70,POWER_ON,-50,71084,61008,53236,25.11,0.06,-8.15,0.0,OK
2026-09-09T12:53:43.664991+00:00,2026-09-09T12:53:32.009691+00:00,atelier,smartmonitor/atelier/state,70,POWER_ON,-49,71392,61008,53236,25.43,-0.38,-8.15,0.0,OK
2026-09-09T12:54:43.664230+00:00,2026-09-09T12:54:32.514253+00:00,atelier,smartmonitor/atelier/state,70,POWER_ON,-50,71392,61008,53236,25.43,-0.38,-8.15,0.0,OK
2026-09-09T12:55:43.660518+00:00,2026-09-09T12:55:33.030598+00:00,atelier,smartmonitor/atelier/state,70,POWER_ON,-48,71084,61008,53236,25.11,0.06,-8.15,0.0,OK
2026-09-09T12:58:13.327170+00:00,2026-09-09T12:58:13.291505+00:00,atelier,smartmonitor/atelier/state,70,POWER_ON,-49,71392,61008,53236,25.43,-0.38,-8.15,0.0,OK
2026-09-09T12:59:13.341735+00:00,2026-09-09T12:59:07.458718+00:00,atelier,smartmonitor/atelier/state,70,POWER_ON,-42,71392,61008,53236,25.43,-0.38,-8.15,0.0,OK
2026-09-09T13:00:13.328482+00:00,2026-09-09T13:00:07.969640+00:00,atelier,smartmonitor/atelier/state,70,POWER_ON,-44,71084,61008,53236,25.11,0.06,-8.15,0.0,OK
2026-09-09T13:01:13.335177+00:00,2026-09-09T13:01:08.516686+00:00,atelier,smartmonitor/atelier/state,70,POWER_ON,-42,71392,61008,53236,25.43,-0.38,-8.15,0.0,OK
2026-09-09T13:02:13.329109+00:00,2026-09-09T13:02:08.930975+00:00,atelier,smartmonitor/atelier/state,70,POWER_ON,-41,71392,61008,53236,25.43,-0.38,-8.15,0.0,OK
2026-09-09T13:03:13.335198+00:00,2026-09-09T13:03:09.452163+00:00,atelier,smartmonitor/atelier/state,70,POWER_ON,-45,71084,61008,53236,25.11,0.06,-8.15,0.0,OK
2026-09-09T13:04:13.339602+00:00,2026-09-09T13:04:10.691948+00:00,atelier,smartmonitor/atelier/state,70,POWER_ON,-49,71392,61008,53236,25.43,-0.38,-8.15,0.0,OK
2026-09-09T13:05:13.329463+00:00,2026-09-09T13:05:11.186796+00:00,atelier,smartmonitor/atelier/state,70,POWER_ON,-49,71392,61008,53236,25.43,-0.38,-8.15,0.0,OK
2026-09-09T13:06:13.336567+00:00,2026-09-09T13:06:11.700710+00:00,atelier,smartmonitor/atelier/state,70,POWER_ON,-48,71084,61008,53236,25.11,0.06,-8.15,0.0,OK
2026-09-09T13:07:13.335175+00:00,2026-09-09T13:07:12.217088+00:00,atelier,smartmonitor/atelier/state,70,POWER_ON,-52,71392,61008,53236,25.43,-0.38,-8.15,0.0,OK
2026-09-09T13:08:13.334697+00:00,2026-09-09T13:08:12.731756+00:00,atelier,smartmonitor/atelier/state,70,POWER_ON,-52,71392,61008,53236,25.43,-0.38,-8.15,0.0,OK
2026-09-09T13:09:13.327582+00:00,2026-09-09T13:09:13.248436+00:00,atelier,smartmonitor/atelier/state,70,POWER_ON,-49,71084,61008,53236,25.11,0.06,-8.15,0.0,OK
2026-09-09T13:10:13.340778+00:00,2026-09-09T13:10:01.607243+00:00,atelier,smartmonitor/atelier/state,70,POWER_ON,-50,71392,61008,53236,25.43,-0.38,-8.15,0.0,OK
2026-09-09T13:11:13.332132+00:00,2026-09-09T13:11:02.120273+00:00,atelier,smartmonitor/atelier/state,70,POWER_ON,-50,71072,61008,53236,25.1,0.07,-8.15,0.0,OK
2026-09-09T13:12:13.342266+00:00,2026-09-09T13:12:02.640415+00:00,atelier,smartmonitor/atelier/state,70,POWER_ON,-52,71392,61008,53236,25.43,-0.38,-8.15,0.0,OK
2026-09-09T13:13:13.339483+00:00,2026-09-09T13:13:03.156547+00:00,atelier,smartmonitor/atelier/state,70,POWER_ON,-54,71392,61008,53236,25.43,-0.38,-8.15,0.0,OK
2026-09-09T13:14:13.328614+00:00,2026-09-09T13:14:03.661180+00:00,atelier,smartmonitor/atelier/state,70,POWER_ON,-59,71084,61008,53236,25.11,0.06,-8.15,0.0,OK
2026-09-09T13:15:13.330953+00:00,2026-09-09T13:15:04.184713+00:00,atelier,smartmonitor/atelier/state,70,POWER_ON,-60,71392,61008,53236,25.43,-0.38,-8.15,0.0,OK
2026-09-09T13:16:13.331541+00:00,2026-09-09T13:16:04.693792+00:00,atelier,smartmonitor/atelier/state,70,POWER_ON,-60,71392,61008,53236,25.43,-0.38,-8.15,0.0,OK
2026-09-09T13:17:13.337230+00:00,2026-09-09T13:17:05.305901+00:00,atelier,smartmonitor/atelier/state,70,POWER_ON,-57,71084,61008,53236,25.11,0.06,-8.15,0.0,OK
2026-09-09T13:18:13.341829+00:00,2026-09-09T13:18:05.658535+00:00,atelier,smartmonitor/atelier/state,70,POWER_ON,-57,71392,61008,53236,25.43,-0.38,-8.15,0.0,OK
2026-09-09T13:19:13.334592+00:00,2026-09-09T13:19:06.166504+00:00,atelier,smartmonitor/atelier/state,70,POWER_ON,-58,71392,61008,53236,25.43,-0.38,-8.15,0.0,OK
2026-09-09T13:20:13.335076+00:00,2026-09-09T13:20:06.660930+00:00,atelier,smartmonitor/atelier/state,70,POWER_ON,-58,71084,61008,53236,25.11,0.06,-8.15,0.0,OK
2026-09-09T13:21:13.333916+00:00,2026-09-09T13:21:07.181751+00:00,atelier,smartmonitor/atelier/state,70,POWER_ON,-55,71392,61008,53236,25.43,-0.38,-8.15,0.0,OK
2026-09-09T13:40:04.347142+00:00,2026-09-09T13:40:04.303694+00:00,atelier,smartmonitor/atelier/state,70,POWER_ON,-58,71392,61008,53236,25.43,-0.38,-8.15,0.0,OK
2026-09-09T13:41:04.345978+00:00,2026-09-09T13:40:53.078731+00:00,atelier,smartmonitor/atelier/state,70,POWER_ON,-53,71392,60660,53236,25.43,-0.38,-7.54,0.0,OK
2026-09-09T13:42:04.356504+00:00,2026-09-09T13:41:53.603042+00:00,atelier,smartmonitor/atelier/state,70,POWER_ON,-57,71084,60660,53236,25.11,0.06,-7.54,0.0,OK
2026-09-09T13:43:04.354178+00:00,2026-09-09T13:42:54.101959+00:00,atelier,smartmonitor/atelier/state,70,POWER_ON,-56,71392,60660,53236,25.43,-0.38,-7.54,0.0,OK
2026-09-09T13:44:04.352721+00:00,2026-09-09T13:43:54.629157+00:00,atelier,smartmonitor/atelier/state,70,POWER_ON,-56,71392,60660,53236,25.43,-0.38,-7.54,0.0,OK
2026-09-09T13:45:04.343817+00:00,2026-09-09T13:44:55.074704+00:00,atelier,smartmonitor/atelier/state,70,POWER_ON,-59,71084,60660,53236,25.11,0.06,-7.54,0.0,OK
2026-09-09T13:46:04.353423+00:00,2026-09-09T13:45:55.575623+00:00,atelier,smartmonitor/atelier/state,70,POWER_ON,-59,71392,60660,53236,25.43,-0.38,-7.54,0.0,OK
2026-09-09T13:47:04.352073+00:00,2026-09-09T13:46:56.090764+00:00,atelier,smartmonitor/atelier/state,70,POWER_ON,-56,71392,60660,53236,25.43,-0.38,-7.54,0.0,OK
2026-09-09T13:48:04.350569+00:00,2026-09-09T13:47:56.604100+00:00,atelier,smartmonitor/atelier/state,70,POWER_ON,-55,71084,60660,53236,25.11,0.06,-7.54,0.0,OK
2026-09-09T13:49:04.346969+00:00,2026-09-09T13:48:57.113117+00:00,atelier,smartmonitor/atelier/state,70,POWER_ON,-56,71392,60660,53236,25.43,-0.38,-7.54,0.0,OK
2026-09-09T13:50:04.344453+00:00,2026-09-09T13:49:57.638234+00:00,atelier,smartmonitor/atelier/state,70,POWER_ON,-52,71392,60660,53236,25.43,-0.38,-7.54,0.0,OK
2026-09-09T13:51:04.354953+00:00,2026-09-09T13:50:58.154974+00:00,atelier,smartmonitor/atelier/state,70,POWER_ON,-54,71084,60660,53236,25.11,0.06,-7.54,0.0,OK
2026-09-09T13:52:04.348326+00:00,2026-09-09T13:51:58.609167+00:00,atelier,smartmonitor/atelier/state,70,POWER_ON,-53,71392,60660,53236,25.43,-0.38,-7.54,0.0,OK
2026-09-09T13:53:04.352655+00:00,2026-09-09T13:52:59.112671+00:00,atelier,smartmonitor/atelier/state,70,POWER_ON,-54,71392,60660,53236,25.43,-0.38,-7.54,0.0,OK
2026-09-09T13:54:04.352226+00:00,2026-09-09T13:53:59.625856+00:00,atelier,smartmonitor/atelier/state,70,POWER_ON,-58,71084,60660,53236,25.11,0.06,-7.54,0.0,OK
2026-09-09T13:58:04.308512+00:00,2026-09-09T13:58:04.293425+00:00,atelier,smartmonitor/atelier/state,70,POWER_ON,-54,71392,60660,53236,25.43,-0.38,-7.54,0.0,OK
2026-09-09T13:59:04.304904+00:00,2026-09-09T13:59:02.211563+00:00,atelier,smartmonitor/atelier/state,70,POWER_ON,-51,71392,60660,53236,25.43,-0.38,-7.54,0.0,OK
2026-09-09T14:00:04.308340+00:00,2026-09-09T13:59:38.458605+00:00,atelier,smartmonitor/atelier/state,70,POWER_ON,-58,71392,60660,53236,25.43,-0.38,-7.54,0.0,OK
2026-09-09T14:01:04.307910+00:00,2026-09-09T14:01:03.148221+00:00,atelier,smartmonitor/atelier/state,70,POWER_ON,-53,71392,60660,53236,25.43,-0.38,-7.54,0.0,OK
2026-09-09T14:02:04.300057+00:00,2026-09-09T14:02:03.665469+00:00,atelier,smartmonitor/atelier/state,70,POWER_ON,-50,71392,60660,53236,25.43,-0.38,-7.54,0.0,OK
2026-09-09T14:03:04.298437+00:00,2026-09-09T14:03:04.176586+00:00,atelier,smartmonitor/atelier/state,70,POWER_ON,-50,71084,60660,53236,25.11,0.06,-7.54,0.0,OK
2026-09-09T14:04:04.299775+00:00,2026-09-09T14:03:52.606827+00:00,atelier,smartmonitor/atelier/state,70,POWER_ON,-45,71392,60660,53236,25.43,-0.38,-7.54,0.0,OK
2026-09-09T14:05:04.309603+00:00,2026-09-09T14:04:53.129106+00:00,atelier,smartmonitor/atelier/state,70,POWER_ON,-49,71084,59644,53236,25.11,0.06,-5.74,0.0,OK
2026-09-09T14:06:04.308171+00:00,2026-09-09T14:05:53.638346+00:00,atelier,smartmonitor/atelier/state,70,POWER_ON,-50,71392,59644,53236,25.43,-0.38,-5.74,0.0,OK
2026-09-09T14:07:04.306126+00:00,2026-09-09T14:06:54.162416+00:00,atelier,smartmonitor/atelier/state,70,POWER_ON,-47,71392,59644,53236,25.43,-0.38,-5.74,0.0,OK
2026-09-09T14:08:04.300635+00:00,2026-09-09T14:07:54.681210+00:00,atelier,smartmonitor/atelier/state,70,POWER_ON,-51,71084,59644,53236,25.11,0.06,-5.74,0.0,OK
2026-09-09T14:09:04.311932+00:00,2026-09-09T14:08:55.206395+00:00,atelier,smartmonitor/atelier/state,70,POWER_ON,-49,71392,59644,53236,25.43,-0.38,-5.74,0.0,OK
2026-09-09T14:10:04.317124+00:00,2026-09-09T14:09:55.734986+00:00,atelier,smartmonitor/atelier/state,70,POWER_ON,-55,71392,59644,53236,25.43,-0.38,-5.74,0.0,OK
2026-09-09T14:11:04.323951+00:00,2026-09-09T14:10:56.163028+00:00,atelier,smartmonitor/atelier/state,70,POWER_ON,-57,71084,59644,53236,25.11,0.06,-5.74,0.0,OK
2026-09-09T14:12:04.319859+00:00,2026-09-09T14:11:56.667887+00:00,atelier,smartmonitor/atelier/state,70,POWER_ON,-52,71392,59644,53236,25.43,-0.38,-5.74,0.0,OK
2026-09-09T14:13:04.327136+00:00,2026-09-09T14:12:57.164182+00:00,atelier,smartmonitor/atelier/state,70,POWER_ON,-53,71392,59644,53236,25.43,-0.38,-5.74,0.0,OK
2026-09-09T14:14:04.339410+00:00,2026-09-09T14:13:57.691332+00:00,atelier,smartmonitor/atelier/state,70,POWER_ON,-55,71084,59644,53236,25.11,0.06,-5.74,0.0,OK
2026-09-09T14:15:04.334628+00:00,2026-09-09T14:14:58.209365+00:00,atelier,smartmonitor/atelier/state,70,POWER_ON,-53,71392,59644,53236,25.43,-0.38,-5.74,0.0,OK
2026-09-09T14:16:04.328925+00:00,2026-09-09T14:15:58.735222+00:00,atelier,smartmonitor/atelier/state,70,POWER_ON,-48,71392,59644,53236,25.43,-0.38,-5.74,0.0,OK
2026-09-09T14:17:04.336084+00:00,2026-09-09T14:16:59.242398+00:00,atelier,smartmonitor/atelier/state,70,POWER_ON,-48,71084,59644,53236,25.11,0.06,-5.74,0.0,OK
2026-09-09T14:18:04.330414+00:00,2026-09-09T14:17:59.761496+00:00,atelier,smartmonitor/atelier/state,70,POWER_ON,-50,71392,59644,53236,25.43,-0.38,-5.74,0.0,OK
2026-09-09T14:19:04.337495+00:00,2026-09-09T14:19:00.180944+00:00,atelier,smartmonitor/atelier/state,70,POWER_ON,-48,71392,59644,53236,25.43,-0.38,-5.74,0.0,OK
2026-09-09T14:20:04.333713+00:00,2026-09-09T14:20:00.709188+00:00,atelier,smartmonitor/atelier/state,70,POWER_ON,-50,71084,59644,53236,25.11,0.06,-5.74,0.0,OK
2026-09-09T14:21:04.328609+00:00,2026-09-09T14:21:01.224578+00:00,atelier,smartmonitor/atelier/state,70,POWER_ON,-51,71392,59644,53236,25.43,-0.38,-5.74,0.0,OK
2026-09-09T14:22:04.327156+00:00,2026-09-09T14:22:01.742779+00:00,atelier,smartmonitor/atelier/state,70,POWER_ON,-54,71392,59644,53236,25.43,-0.38,-5.74,0.0,OK
2026-09-09T14:23:04.342022+00:00,2026-09-09T14:23:02.258351+00:00,atelier,smartmonitor/atelier/state,70,POWER_ON,-59,71084,59644,53236,25.11,0.06,-5.74,0.0,OK
2026-09-09T14:36:34.026683+00:00,2026-09-09T14:36:33.997303+00:00,atelier,smartmonitor/atelier/state,70,POWER_ON,-41,71084,59644,53236,25.11,0.06,-5.74,0.0,OK
2026-09-09T14:37:34.033199+00:00,2026-09-09T14:37:33.176067+00:00,atelier,smartmonitor/atelier/state,70,POWER_ON,-49,71084,59644,53236,25.11,0.06,-5.74,0.0,OK
2026-09-09T14:38:34.031846+00:00,2026-09-09T14:38:33.689060+00:00,atelier,smartmonitor/atelier/state,70,POWER_ON,-54,71392,59644,53236,25.43,-0.38,-5.74,0.0,OK
2026-09-09T14:39:34.039155+00:00,2026-09-09T14:39:31.038810+00:00,atelier,smartmonitor/atelier/state,70,POWER_ON,-48,71392,58948,53236,25.43,-0.38,-4.5,0.0,OK
2026-09-09T14:40:34.042806+00:00,2026-09-09T14:40:31.140194+00:00,atelier,smartmonitor/atelier/state,70,POWER_ON,-49,71084,58948,53236,25.11,0.06,-4.5,0.0,OK
2026-09-09T14:41:34.036980+00:00,2026-09-09T14:41:29.958851+00:00,atelier,smartmonitor/atelier/state,70,POWER_ON,-49,71392,58948,53236,25.43,-0.38,-4.5,0.0,OK
2026-09-09T14:42:34.042987+00:00,2026-09-09T14:42:30.437282+00:00,atelier,smartmonitor/atelier/state,70,POWER_ON,-61,71392,58948,53236,25.43,-0.38,-4.5,0.0,OK
2026-09-09T14:43:34.043718+00:00,2026-09-09T14:43:30.963268+00:00,atelier,smartmonitor/atelier/state,70,POWER_ON,-56,71084,58948,53236,25.11,0.06,-4.5,0.0,OK
2026-09-09T14:44:34.031113+00:00,2026-09-09T14:44:31.470723+00:00,atelier,smartmonitor/atelier/state,70,POWER_ON,-51,71392,58948,53236,25.43,-0.38,-4.5,0.0,OK
2026-09-09T14:45:34.035562+00:00,2026-09-09T14:45:31.995499+00:00,atelier,smartmonitor/atelier/state,70,POWER_ON,-55,71392,58948,53236,25.43,-0.38,-4.5,0.0,OK
2026-09-09T14:46:34.038200+00:00,2026-09-09T14:46:32.516318+00:00,atelier,smartmonitor/atelier/state,70,POWER_ON,-55,71084,58948,53236,25.11,0.06,-4.5,0.0,OK
2026-09-09T14:47:34.036880+00:00,2026-09-09T14:47:33.029914+00:00,atelier,smartmonitor/atelier/state,70,POWER_ON,-56,71392,58948,53236,25.43,-0.38,-4.5,0.0,OK
2026-09-09T14:48:34.041869+00:00,2026-09-09T14:48:33.552697+00:00,atelier,smartmonitor/atelier/state,70,POWER_ON,-52,71392,58948,53236,25.43,-0.38,-4.5,0.0,OK
2026-09-09T14:49:34.041171+00:00,2026-09-09T14:49:33.990501+00:00,atelier,smartmonitor/atelier/state,70,POWER_ON,-54,71084,58948,53236,25.11,0.06,-4.5,0.0,OK
2026-09-09T14:50:34.044761+00:00,2026-09-09T14:50:33.455623+00:00,atelier,smartmonitor/atelier/state,70,POWER_ON,-40,71392,58948,53236,25.43,-0.38,-4.5,0.0,OK
2026-09-09T14:51:34.044315+00:00,2026-09-09T14:51:32.753251+00:00,atelier,smartmonitor/atelier/state,70,POWER_ON,-53,71392,58948,53236,25.43,-0.38,-4.5,0.0,OK
2026-09-09T14:52:34.036927+00:00,2026-09-09T14:52:33.903481+00:00,atelier,smartmonitor/atelier/state,71,BROWNOUT,-44,71308,61148,53236,25.34,-0.26,-8.4,0.0,OK
2026-09-09T14:53:34.039374+00:00,2026-09-09T14:53:33.269579+00:00,atelier,smartmonitor/atelier/state,71,BROWNOUT,-47,71340,61148,53236,25.38,-0.3,-8.4,0.0,OK
2026-09-09T14:54:34.041792+00:00,2026-09-09T14:53:59.797238+00:00,atelier,smartmonitor/atelier/state,71,BROWNOUT,-36,71340,61148,53236,25.38,-0.3,-8.4,0.0,OK
2026-09-09T14:55:34.040305+00:00,2026-09-09T14:55:32.261093+00:00,atelier,smartmonitor/atelier/state,74,BROWNOUT,-53,71456,58776,53236,25.5,-0.47,-4.2,0.0,OK
2026-09-09T14:56:34.044955+00:00,2026-09-09T14:56:33.496593+00:00,atelier,smartmonitor/atelier/state,74,BROWNOUT,-54,71400,58776,53236,25.44,-0.39,-4.2,0.0,OK
2026-09-09T14:57:34.044448+00:00,2026-09-09T14:57:32.679083+00:00,atelier,smartmonitor/atelier/state,74,BROWNOUT,-50,71400,58776,53236,25.44,-0.39,-4.2,0.0,OK
2026-09-09T14:58:34.041106+00:00,2026-09-09T14:58:33.326908+00:00,atelier,smartmonitor/atelier/state,74,BROWNOUT,-45,71400,58776,53236,25.44,-0.39,-4.2,0.0,OK
2026-09-09T14:59:34.044640+00:00,2026-09-09T14:59:33.314432+00:00,atelier,smartmonitor/atelier/state,74,BROWNOUT,-50,71400,58776,53236,25.44,-0.39,-4.2,0.0,OK
2026-09-09T15:00:34.037161+00:00,2026-09-09T15:00:33.312214+00:00,atelier,smartmonitor/atelier/state,74,BROWNOUT,-56,71400,58776,53236,25.44,-0.39,-4.2,0.0,OK
2026-09-09T15:01:34.034506+00:00,2026-09-09T15:01:33.326953+00:00,atelier,smartmonitor/atelier/state,74,BROWNOUT,-56,71400,58776,53236,25.44,-0.39,-4.2,0.0,OK
2026-09-09T15:02:34.034792+00:00,2026-09-09T15:02:33.335494+00:00,atelier,smartmonitor/atelier/state,74,BROWNOUT,-55,69808,58776,53236,23.74,1.85,-4.2,0.0,OK
2026-09-09T15:03:34.031229+00:00,2026-09-09T15:03:33.331736+00:00,atelier,smartmonitor/atelier/state,74,BROWNOUT,-55,71400,58776,53236,25.44,-0.39,-4.2,0.0,OK
2026-09-09T15:04:34.042386+00:00,2026-09-09T15:04:33.355308+00:00,atelier,smartmonitor/atelier/state,74,BROWNOUT,-47,71400,58776,53236,25.44,-0.39,-4.2,0.0,OK
2026-09-09T15:05:34.040278+00:00,2026-09-09T15:05:33.365798+00:00,atelier,smartmonitor/atelier/state,74,BROWNOUT,-47,71400,58776,53236,25.44,-0.39,-4.2,0.0,OK
2026-09-09T15:06:34.036375+00:00,2026-09-09T15:06:33.279435+00:00,atelier,smartmonitor/atelier/state,74,BROWNOUT,-60,71400,58776,53236,25.44,-0.39,-4.2,0.0,OK
2026-09-09T15:07:34.044150+00:00,2026-09-09T15:07:33.285809+00:00,atelier,smartmonitor/atelier/state,74,BROWNOUT,-55,71400,58776,53236,25.44,-0.39,-4.2,0.0,OK
2026-09-09T15:08:34.036890+00:00,2026-09-09T15:08:33.270335+00:00,atelier,smartmonitor/atelier/state,74,BROWNOUT,-50,71400,58776,53236,25.44,-0.39,-4.2,0.0,OK
2026-09-09T15:09:34.034941+00:00,2026-09-09T15:09:33.272364+00:00,atelier,smartmonitor/atelier/state,74,BROWNOUT,-47,71400,58776,53236,25.44,-0.39,-4.2,0.0,OK
2026-09-09T15:10:34.041103+00:00,2026-09-09T15:10:33.271202+00:00,atelier,smartmonitor/atelier/state,74,BROWNOUT,-55,71400,58776,53236,25.44,-0.39,-4.2,0.0,OK
2026-09-09T15:11:34.034016+00:00,2026-09-09T15:11:33.331005+00:00,atelier,smartmonitor/atelier/state,74,BROWNOUT,-55,71400,58776,53236,25.44,-0.39,-4.2,0.0,OK
2026-09-09T15:12:34.038424+00:00,2026-09-09T15:12:33.293781+00:00,atelier,smartmonitor/atelier/state,74,BROWNOUT,-52,71400,58776,53236,25.44,-0.39,-4.2,0.0,OK
2026-09-09T15:13:34.040718+00:00,2026-09-09T15:13:33.303800+00:00,atelier,smartmonitor/atelier/state,74,BROWNOUT,-55,71400,58776,53236,25.44,-0.39,-4.2,0.0,OK
2026-09-09T15:14:34.035243+00:00,2026-09-09T15:14:33.305479+00:00,atelier,smartmonitor/atelier/state,74,BROWNOUT,-65,71400,58776,53236,25.44,-0.39,-4.2,0.0,OK
2026-09-09T15:15:34.030968+00:00,2026-09-09T15:15:33.309043+00:00,atelier,smartmonitor/atelier/state,74,BROWNOUT,-61,71400,58776,53236,25.44,-0.39,-4.2,0.0,OK
2026-09-09T15:16:34.042884+00:00,2026-09-09T15:16:33.331584+00:00,atelier,smartmonitor/atelier/state,74,BROWNOUT,-63,71400,58776,53236,25.44,-0.39,-4.2,0.0,OK
2026-09-09T15:17:34.044525+00:00,2026-09-09T15:17:27.299422+00:00,atelier,smartmonitor/atelier/state,74,BROWNOUT,-55,71400,58776,53236,25.44,-0.39,-4.2,0.0,OK
2026-09-09T15:18:34.041227+00:00,2026-09-09T15:18:33.900657+00:00,atelier,smartmonitor/atelier/state,75,BROWNOUT,-61,71308,61512,53236,25.34,-0.26,-9.05,0.0,OK
2026-09-09T15:19:34.033654+00:00,2026-09-09T15:19:32.541064+00:00,atelier,smartmonitor/atelier/state,75,BROWNOUT,-49,71308,61512,53236,25.34,-0.26,-9.05,0.0,OK
2026-09-09T15:20:34.045257+00:00,2026-09-09T15:20:32.657603+00:00,atelier,smartmonitor/atelier/state,75,BROWNOUT,-50,71348,61512,53236,25.39,-0.31,-9.05,0.0,OK
2026-09-09T15:23:45.103858+00:00,2026-09-09T15:21:28.559461+00:00,atelier,smartmonitor/atelier/state,75,BROWNOUT,-54,71348,61512,53236,25.39,-0.31,-9.05,0.0,OK
2026-09-09T15:24:45.104001+00:00,2026-09-09T15:24:44.525028+00:00,atelier,smartmonitor/atelier/state,75,BROWNOUT,-55,71348,61512,53236,25.39,-0.31,-9.05,0.0,OK
2026-09-09T15:25:45.094953+00:00,2026-09-09T15:25:44.624095+00:00,atelier,smartmonitor/atelier/state,75,BROWNOUT,-49,71348,61512,53236,25.39,-0.31,-9.05,0.0,OK
2026-09-09T15:26:45.097651+00:00,2026-09-09T15:26:44.639362+00:00,atelier,smartmonitor/atelier/state,75,BROWNOUT,-49,71348,61512,53236,25.39,-0.31,-9.05,0.0,OK
2026-09-09T15:27:45.106605+00:00,2026-09-09T15:27:44.643462+00:00,atelier,smartmonitor/atelier/state,75,BROWNOUT,-50,71348,61512,53236,25.39,-0.31,-9.05,0.0,OK
2026-09-09T15:29:06.112892+00:00,2026-09-09T15:28:08.552321+00:00,atelier,smartmonitor/atelier/state,75,BROWNOUT,-51,71348,61512,53236,25.39,-0.31,-9.05,0.0,OK
2026-09-09T15:30:06.113002+00:00,2026-09-09T15:30:04.612422+00:00,atelier,smartmonitor/atelier/state,75,BROWNOUT,-48,71348,61512,53236,25.39,-0.31,-9.05,0.0,OK
2026-09-09T15:31:06.110550+00:00,2026-09-09T15:31:04.631622+00:00,atelier,smartmonitor/atelier/state,75,BROWNOUT,-50,71348,61512,53236,25.39,-0.31,-9.05,0.0,OK
2026-09-09T15:32:06.112413+00:00,2026-09-09T15:32:04.635160+00:00,atelier,smartmonitor/atelier/state,75,BROWNOUT,-44,71348,61512,53236,25.39,-0.31,-9.05,0.0,OK
2026-09-09T15:33:06.119239+00:00,2026-09-09T15:33:04.644516+00:00,atelier,smartmonitor/atelier/state,75,BROWNOUT,-50,71348,61512,53236,25.39,-0.31,-9.05,0.0,OK
2026-09-09T15:34:06.119941+00:00,2026-09-09T15:34:04.644114+00:00,atelier,smartmonitor/atelier/state,75,BROWNOUT,-51,71348,61512,53236,25.39,-0.31,-9.05,0.0,OK
2026-09-09T15:35:12.390844+00:00,2026-09-09T15:34:46.631227+00:00,atelier,smartmonitor/atelier/state,75,BROWNOUT,-51,71348,61512,53236,25.39,-0.31,-9.05,0.0,OK
2026-09-09T15:39:49.115330+00:00,2026-09-09T15:35:44.591525+00:00,atelier,smartmonitor/atelier/state,75,BROWNOUT,-47,71348,61036,53236,25.39,-0.31,-8.2,0.0,OK
2026-09-09T15:40:49.114236+00:00,2026-09-09T15:40:48.935883+00:00,atelier,smartmonitor/atelier/state,75,BROWNOUT,-52,71348,53988,53236,25.39,-0.31,4.29,0.0,OK
2026-09-09T15:41:49.118879+00:00,2026-09-09T15:41:49.041061+00:00,atelier,smartmonitor/atelier/state,75,BROWNOUT,-48,71348,53988,53236,25.39,-0.31,4.29,0.0,OK
2026-09-09T15:42:49.111323+00:00,2026-09-09T15:42:49.037046+00:00,atelier,smartmonitor/atelier/state,75,BROWNOUT,-45,71348,53988,53236,25.39,-0.31,4.29,0.0,OK
2026-09-09T15:43:49.110353+00:00,2026-09-09T15:43:49.044443+00:00,atelier,smartmonitor/atelier/state,75,BROWNOUT,-48,71348,53988,53236,25.39,-0.31,4.29,0.0,OK
2026-09-09T15:44:49.115994+00:00,2026-09-09T15:44:49.051339+00:00,atelier,smartmonitor/atelier/state,75,BROWNOUT,-46,71348,53988,53236,25.39,-0.31,4.29,0.0,OK
2026-09-09T15:45:49.116770+00:00,2026-09-09T15:45:48.977181+00:00,atelier,smartmonitor/atelier/state,75,BROWNOUT,-46,71348,53988,53236,25.39,-0.31,4.29,0.0,OK
2026-09-09T15:46:49.121232+00:00,2026-09-09T15:46:48.966067+00:00,atelier,smartmonitor/atelier/state,75,BROWNOUT,-43,71348,53988,53236,25.39,-0.31,4.29,0.0,OK
2026-09-09T15:47:49.115922+00:00,2026-09-09T15:47:49.062344+00:00,atelier,smartmonitor/atelier/state,75,BROWNOUT,-44,71348,53988,53236,25.39,-0.31,4.29,0.0,OK
2026-09-09T15:48:49.111049+00:00,2026-09-09T15:48:48.989011+00:00,atelier,smartmonitor/atelier/state,75,BROWNOUT,-44,71348,53988,53236,25.39,-0.31,4.29,0.0,OK
2026-09-09T15:49:49.114855+00:00,2026-09-09T15:49:49.082817+00:00,atelier,smartmonitor/atelier/state,75,BROWNOUT,-46,71348,53988,53236,25.39,-0.31,4.29,0.0,OK
2026-09-09T15:50:49.115394+00:00,2026-09-09T15:50:49.088838+00:00,atelier,smartmonitor/atelier/state,75,BROWNOUT,-46,71348,53988,53236,25.39,-0.31,4.29,0.0,OK
2026-09-09T15:51:49.120133+00:00,2026-09-09T15:51:49.067679+00:00,atelier,smartmonitor/atelier/state,75,BROWNOUT,-46,71348,53988,53236,25.39,-0.31,4.29,0.0,OK
2026-09-09T15:52:49.114136+00:00,2026-09-09T15:52:49.008533+00:00,atelier,smartmonitor/atelier/state,75,BROWNOUT,-47,71348,53988,53236,25.39,-0.31,4.29,0.0,OK
2026-09-09T15:53:49.117921+00:00,2026-09-09T15:53:49.110407+00:00,atelier,smartmonitor/atelier/state,75,BROWNOUT,-46,71348,53988,53236,25.39,-0.31,4.29,0.0,OK
2026-09-09T15:54:49.111310+00:00,2026-09-09T15:54:49.085210+00:00,atelier,smartmonitor/atelier/state,75,BROWNOUT,-46,71348,53988,53236,25.39,-0.31,4.29,0.0,OK
2026-09-09T15:55:49.109595+00:00,2026-09-09T15:55:47.184965+00:00,atelier,smartmonitor/atelier/state,75,BROWNOUT,-46,71348,53988,53236,25.39,-0.31,4.29,0.0,OK
2026-09-09T15:56:49.121180+00:00,2026-09-09T15:56:49.043982+00:00,atelier,smartmonitor/atelier/state,75,BROWNOUT,-45,71348,53988,53236,25.39,-0.31,4.29,0.0,OK
2026-09-09T15:57:49.114543+00:00,2026-09-09T15:57:47.186676+00:00,atelier,smartmonitor/atelier/state,75,BROWNOUT,-46,71348,53988,53236,25.39,-0.31,4.29,0.0,OK
2026-09-09T15:58:49.112102+00:00,2026-09-09T15:58:47.194026+00:00,atelier,smartmonitor/atelier/state,75,BROWNOUT,-41,71348,53988,53236,25.39,-0.31,4.29,0.0,OK
2026-09-09T15:59:49.111891+00:00,2026-09-09T15:59:47.201739+00:00,atelier,smartmonitor/atelier/state,75,BROWNOUT,-45,71348,53988,53236,25.39,-0.31,4.29,0.0,OK
2026-09-09T16:00:49.121594+00:00,2026-09-09T16:00:49.064780+00:00,atelier,smartmonitor/atelier/state,75,BROWNOUT,-45,71348,53988,53236,25.39,-0.31,4.29,0.0,OK
2026-09-09T16:01:49.116638+00:00,2026-09-09T16:01:47.160568+00:00,atelier,smartmonitor/atelier/state,75,BROWNOUT,-46,71348,53988,53236,25.39,-0.31,4.29,0.0,OK
2026-09-09T16:02:49.117212+00:00,2026-09-09T16:02:47.218720+00:00,atelier,smartmonitor/atelier/state,75,BROWNOUT,-44,71348,53988,53236,25.39,-0.31,4.29,0.0,OK
2026-09-09T16:03:49.122231+00:00,2026-09-09T16:03:49.081481+00:00,atelier,smartmonitor/atelier/state,75,BROWNOUT,-45,71348,53988,53236,25.39,-0.31,4.29,0.0,OK
2026-09-09T16:04:49.112184+00:00,2026-09-09T16:04:49.087282+00:00,atelier,smartmonitor/atelier/state,75,BROWNOUT,-48,71348,53988,53236,25.39,-0.31,4.29,0.0,OK
2026-09-09T16:05:49.120204+00:00,2026-09-09T16:05:47.143052+00:00,atelier,smartmonitor/atelier/state,75,BROWNOUT,-46,71348,53988,53236,25.39,-0.31,4.29,0.0,OK
2026-09-09T16:06:49.111119+00:00,2026-09-09T16:06:47.244433+00:00,atelier,smartmonitor/atelier/state,75,BROWNOUT,-47,71348,53988,53236,25.39,-0.31,4.29,0.0,OK
2026-09-09T16:07:49.121279+00:00,2026-09-09T16:07:47.091592+00:00,atelier,smartmonitor/atelier/state,75,BROWNOUT,-46,71348,53988,53236,25.39,-0.31,4.29,0.0,OK
2026-09-09T16:08:49.118810+00:00,2026-09-09T16:08:47.094484+00:00,atelier,smartmonitor/atelier/state,75,BROWNOUT,-46,71348,53988,53236,25.39,-0.31,4.29,0.0,OK
2026-09-09T16:09:49.111281+00:00,2026-09-09T16:09:47.263727+00:00,atelier,smartmonitor/atelier/state,75,BROWNOUT,-47,71348,53988,53236,25.39,-0.31,4.29,0.0,OK
2026-09-09T16:10:49.111470+00:00,2026-09-09T16:10:47.169855+00:00,atelier,smartmonitor/atelier/state,75,BROWNOUT,-48,71348,53988,53236,25.39,-0.31,4.29,0.0,OK
2026-09-09T16:11:49.109030+00:00,2026-09-09T16:11:47.184582+00:00,atelier,smartmonitor/atelier/state,75,BROWNOUT,-47,71348,53988,53236,25.39,-0.31,4.29,0.0,OK
2026-09-09T16:12:49.114486+00:00,2026-09-09T16:12:47.284277+00:00,atelier,smartmonitor/atelier/state,75,BROWNOUT,-50,71348,53988,53236,25.39,-0.31,4.29,0.0,OK
2026-09-09T16:13:49.115201+00:00,2026-09-09T16:13:47.288994+00:00,atelier,smartmonitor/atelier/state,75,BROWNOUT,-45,71348,53988,53236,25.39,-0.31,4.29,0.0,OK
2026-09-09T16:14:49.117770+00:00,2026-09-09T16:14:47.219482+00:00,atelier,smartmonitor/atelier/state,75,BROWNOUT,-45,71348,53988,53236,25.39,-0.31,4.29,0.0,OK
2026-09-09T16:15:49.117802+00:00,2026-09-09T16:15:47.300626+00:00,atelier,smartmonitor/atelier/state,75,BROWNOUT,-50,71348,53988,53236,25.39,-0.31,4.29,0.0,OK
2026-09-09T16:16:49.121508+00:00,2026-09-09T16:16:47.305075+00:00,atelier,smartmonitor/atelier/state,75,BROWNOUT,-48,71348,53988,53236,25.39,-0.31,4.29,0.0,OK
2026-09-09T16:17:49.110242+00:00,2026-09-09T16:17:47.218531+00:00,atelier,smartmonitor/atelier/state,75,BROWNOUT,-49,71348,53988,53236,25.39,-0.31,4.29,0.0,OK
2026-09-09T16:18:49.117547+00:00,2026-09-09T16:18:47.320587+00:00,atelier,smartmonitor/atelier/state,75,BROWNOUT,-44,71348,53988,53236,25.39,-0.31,4.29,0.0,OK
2026-09-09T16:19:49.110303+00:00,2026-09-09T16:19:47.327605+00:00,atelier,smartmonitor/atelier/state,75,BROWNOUT,-48,71348,53988,53236,25.39,-0.31,4.29,0.0,OK
2026-09-09T16:20:49.112945+00:00,2026-09-09T16:20:47.334264+00:00,atelier,smartmonitor/atelier/state,75,BROWNOUT,-48,71348,53988,53236,25.39,-0.31,4.29,0.0,OK
2026-09-09T16:21:49.115858+00:00,2026-09-09T16:21:47.333572+00:00,atelier,smartmonitor/atelier/state,75,BROWNOUT,-47,71348,53988,53236,25.39,-0.31,4.29,0.0,OK
2026-09-09T16:22:49.119100+00:00,2026-09-09T16:22:47.349246+00:00,atelier,smartmonitor/atelier/state,75,BROWNOUT,-47,71348,53988,53236,25.39,-0.31,4.29,0.0,OK
2026-09-09T16:23:49.111348+00:00,2026-09-09T16:23:47.305910+00:00,atelier,smartmonitor/atelier/state,75,BROWNOUT,-49,69756,53988,53236,23.68,1.92,4.29,0.0,OK
2026-09-09T16:50:21.311105+00:00,2026-09-09T16:24:19.206955+00:00,atelier,smartmonitor/atelier/state,75,BROWNOUT,-49,71348,53988,53236,25.39,-0.31,4.29,0.0,OK
2026-09-09T16:51:21.300068+00:00,2026-09-09T16:51:19.480306+00:00,atelier,smartmonitor/atelier/state,75,BROWNOUT,-50,71348,53988,53236,25.39,-0.31,4.29,0.0,OK
2026-09-09T16:52:21.303581+00:00,2026-09-09T16:52:19.473445+00:00,atelier,smartmonitor/atelier/state,75,BROWNOUT,-53,71348,53988,53236,25.39,-0.31,4.29,0.0,OK
2026-09-09T16:53:21.300957+00:00,2026-09-09T16:53:19.488950+00:00,atelier,smartmonitor/atelier/state,75,BROWNOUT,-52,71348,53988,53236,25.39,-0.31,4.29,0.0,OK
2026-09-09T17:48:47.899031+00:00,2026-09-09T16:53:41.505251+00:00,atelier,smartmonitor/atelier/state,75,BROWNOUT,-49,71348,53988,53236,25.39,-0.31,4.29,0.0,OK
2026-09-09T17:49:47.902167+00:00,2026-09-09T17:49:47.821798+00:00,atelier,smartmonitor/atelier/state,75,BROWNOUT,-39,71348,53988,53236,25.39,-0.31,4.29,0.0,OK
2026-09-09T17:50:47.903683+00:00,2026-09-09T17:50:47.849838+00:00,atelier,smartmonitor/atelier/state,75,BROWNOUT,-42,71348,53988,53236,25.39,-0.31,4.29,0.0,OK
2026-09-09T17:51:47.901892+00:00,2026-09-09T17:51:47.818148+00:00,atelier,smartmonitor/atelier/state,75,BROWNOUT,-39,71348,53988,53236,25.39,-0.31,4.29,0.0,OK
2026-09-09T18:40:17.459128+00:00,2026-09-09T17:52:13.829150+00:00,atelier,smartmonitor/atelier/state,75,BROWNOUT,-40,71348,53988,53236,25.39,-0.31,4.29,0.0,OK
2026-09-09T18:41:17.463973+00:00,2026-09-09T18:41:16.210052+00:00,atelier,smartmonitor/atelier/state,75,BROWNOUT,-46,71340,53988,53236,25.38,-0.3,4.29,0.0,OK
2026-09-09T18:42:17.464876+00:00,2026-09-09T18:42:16.143897+00:00,atelier,smartmonitor/atelier/state,75,BROWNOUT,-42,71340,53988,53236,25.38,-0.3,4.29,0.0,OK
2026-09-09T18:43:17.466804+00:00,2026-09-09T18:43:16.229943+00:00,atelier,smartmonitor/atelier/state,75,BROWNOUT,-49,71340,53988,53236,25.38,-0.3,4.29,0.0,OK
2026-09-09T18:44:17.452728+00:00,2026-09-09T18:44:16.322945+00:00,atelier,smartmonitor/atelier/state,75,BROWNOUT,-45,71340,53988,53236,25.38,-0.3,4.29,0.0,OK
2026-09-09T18:45:17.459135+00:00,2026-09-09T18:45:16.318823+00:00,atelier,smartmonitor/atelier/state,75,BROWNOUT,-51,71340,53988,53236,25.38,-0.3,4.29,0.0,OK
2026-09-09T18:46:17.456154+00:00,2026-09-09T18:46:16.241583+00:00,atelier,smartmonitor/atelier/state,75,BROWNOUT,-57,71340,53988,53236,25.38,-0.3,4.29,0.0,OK
2026-09-09T18:47:17.458314+00:00,2026-09-09T18:47:16.247938+00:00,atelier,smartmonitor/atelier/state,75,BROWNOUT,-58,71340,53988,53236,25.38,-0.3,4.29,0.0,OK
2026-09-09T18:48:17.461201+00:00,2026-09-09T18:48:16.256015+00:00,atelier,smartmonitor/atelier/state,75,BROWNOUT,-53,71340,53988,53236,25.38,-0.3,4.29,0.0,OK
2026-09-09T18:49:17.465551+00:00,2026-09-09T18:49:16.280875+00:00,atelier,smartmonitor/atelier/state,75,BROWNOUT,-56,71340,53988,53236,25.38,-0.3,4.29,0.0,OK
2026-09-09T18:50:17.464435+00:00,2026-09-09T18:50:16.358585+00:00,atelier,smartmonitor/atelier/state,75,BROWNOUT,-56,71340,53988,53236,25.38,-0.3,4.29,0.0,OK
2026-09-09T18:51:17.464140+00:00,2026-09-09T18:51:16.362169+00:00,atelier,smartmonitor/atelier/state,75,BROWNOUT,-59,71340,53988,53236,25.38,-0.3,4.29,0.0,OK
2026-09-09T18:52:17.464514+00:00,2026-09-09T18:52:16.299065+00:00,atelier,smartmonitor/atelier/state,75,BROWNOUT,-62,71340,53988,53236,25.38,-0.3,4.29,0.0,OK
2026-09-09T18:53:17.461199+00:00,2026-09-09T18:53:16.377424+00:00,atelier,smartmonitor/atelier/state,75,BROWNOUT,-60,71340,53988,53236,25.38,-0.3,4.29,0.0,OK
2026-09-09T18:54:17.458942+00:00,2026-09-09T18:54:16.382688+00:00,atelier,smartmonitor/atelier/state,75,BROWNOUT,-61,71340,53988,53236,25.38,-0.3,4.29,0.0,OK
2026-09-09T18:55:17.455547+00:00,2026-09-09T18:55:16.380151+00:00,atelier,smartmonitor/atelier/state,75,BROWNOUT,-41,71340,53988,53236,25.38,-0.3,4.29,0.0,OK
2026-09-09T18:56:17.463803+00:00,2026-09-09T18:56:16.368205+00:00,atelier,smartmonitor/atelier/state,75,BROWNOUT,-45,71340,53988,53236,25.38,-0.3,4.29,0.0,OK
2026-09-09T18:57:17.459384+00:00,2026-09-09T18:57:16.509353+00:00,atelier,smartmonitor/atelier/state,75,BROWNOUT,-48,71340,53988,53236,25.38,-0.3,4.29,0.0,OK
2026-09-09T18:58:17.465699+00:00,2026-09-09T18:58:16.435140+00:00,atelier,smartmonitor/atelier/state,75,BROWNOUT,-47,71340,53988,53236,25.38,-0.3,4.29,0.0,OK
2026-09-09T18:59:17.455219+00:00,2026-09-09T18:59:16.522045+00:00,atelier,smartmonitor/atelier/state,75,BROWNOUT,-51,71340,53988,53236,25.38,-0.3,4.29,0.0,OK
2026-09-09T19:00:17.467446+00:00,2026-09-09T19:00:16.426202+00:00,atelier,smartmonitor/atelier/state,75,BROWNOUT,-43,71340,53988,53236,25.38,-0.3,4.29,0.0,OK
2026-09-09T19:01:17.468910+00:00,2026-09-09T19:01:16.531111+00:00,atelier,smartmonitor/atelier/state,75,BROWNOUT,-46,71340,53988,53236,25.38,-0.3,4.29,0.0,OK
2026-09-09T19:02:17.478497+00:00,2026-09-09T19:02:16.398863+00:00,atelier,smartmonitor/atelier/state,75,BROWNOUT,-44,71340,53988,53236,25.38,-0.3,4.29,0.0,OK
2026-09-09T19:03:17.474070+00:00,2026-09-09T19:03:16.456292+00:00,atelier,smartmonitor/atelier/state,75,BROWNOUT,-46,71340,53988,53236,25.38,-0.3,4.29,0.0,OK
2026-09-09T19:04:17.470825+00:00,2026-09-09T19:04:16.539649+00:00,atelier,smartmonitor/atelier/state,75,BROWNOUT,-49,71340,53988,53236,25.38,-0.3,4.29,0.0,OK
2026-09-09T19:05:17.481481+00:00,2026-09-09T19:05:16.556887+00:00,atelier,smartmonitor/atelier/state,75,BROWNOUT,-49,71340,53988,53236,25.38,-0.3,4.29,0.0,OK
2026-09-09T19:06:17.472810+00:00,2026-09-09T19:06:16.415189+00:00,atelier,smartmonitor/atelier/state,75,BROWNOUT,-48,71340,53988,53236,25.38,-0.3,4.29,0.0,OK
2026-09-09T19:07:17.475896+00:00,2026-09-09T19:07:16.556010+00:00,atelier,smartmonitor/atelier/state,75,BROWNOUT,-50,71340,53988,53236,25.38,-0.3,4.29,0.0,OK
